education,field,current_level,experience_years,career_switch,dream_role,career_track,hours_per_week,timeline_months,learner_type,starting_level
12th,Arts,school_student,0,False,Marketing Manager,marketing,10,6,school_explorer,beginner
12th,Engineering,school_student,0,False,HR Manager,hr_management,3,3,school_explorer,foundation
10th,Management,school_student,0,False,Product Designer,design,20,12,school_explorer,beginner
10th,Science,school_student,0,False,Product Designer,design,16,9,school_explorer,beginner
BA,Humanities,graduate,0,False,Data Analyst,data_science,6,9,graduate_beginner,beginner
12th,Science,school_student,0,True,Software Engineer,software_engineering,6,12,school_explorer,foundation
BCA,Humanities,graduate,0,False,Product Designer,design,5,3,graduate_beginner,beginner
BTech,Arts,college_student,1,False,Digital Marketing Specialist,marketing,17,24,college_developer,intermediate
BBA,Science,graduate,1,False,Digital Marketing Specialist,marketing,5,18,graduate_beginner,intermediate
BCA,Engineering,college_student,1,False,Data Analyst,data_science,11,24,college_developer,intermediate
BA,Engineering,graduate,0,False,Business Analyst,business_analysis,4,36,graduate_beginner,beginner
BSc,Arts,college_student,0,False,Marketing Manager,marketing,18,12,college_beginner,beginner
BBA,Computer Science,college_student,0,False,Marketing Manager,marketing,20,18,college_beginner,beginner
BCom,Computer Science,working_professional,4,True,Talent Acquisition Specialist,hr_management,19,12,career_switcher,beginner
10th,Humanities,school_student,0,False,UI UX Designer,design,8,36,school_explorer,beginner
BTech,Arts,working_professional,10,True,Machine Learning Engineer,data_science,19,9,career_switcher,intermediate
12th,Engineering,school_student,0,False,Product Manager,product_management,13,3,school_explorer,beginner
12th,Computer Science,school_student,0,False,Software Engineer,software_engineering,8,18,school_explorer,beginner
BCA,Science,college_student,0,False,Product Manager,product_management,8,18,college_beginner,beginner
BTech,Arts,graduate,0,False,HR Executive,hr_management,14,36,graduate_beginner,beginner
BSc,Arts,college_student,0,True,HR Executive,hr_management,18,36,college_beginner,beginner
BCA,Humanities,college_student,1,False,Software Engineer,software_engineering,8,9,college_developer,intermediate
BSc,Computer Science,college_student,0,False,Product Designer,design,12,12,college_beginner,beginner
BCA,Science,working_professional,8,True,HR Executive,hr_management,10,6,career_switcher,intermediate
BSc,Arts,college_student,0,False,HR Manager,hr_management,5,24,college_beginner,beginner
12th,Arts,school_student,0,False,HR Executive,hr_management,19,6,school_explorer,beginner
BA,Commerce,college_student,1,False,Marketing Manager,marketing,18,36,college_developer,intermediate
BCom,Arts,working_professional,7,True,Data Analyst,data_science,17,36,career_switcher,intermediate
10th,Engineering,school_student,0,False,Data Analyst,data_science,13,36,school_explorer,beginner
BSc,Commerce,college_student,1,False,Talent Acquisition Specialist,hr_management,16,6,college_developer,intermediate
12th,Humanities,school_student,0,True,Product Manager,product_management,20,3,school_explorer,beginner
10th,Humanities,school_student,0,False,Product Manager,product_management,10,6,school_explorer,beginner
BA,Commerce,working_professional,3,False,Data Analyst,data_science,3,12,working_beginner,intermediate
MBA,Science,working_professional,9,True,UI UX Designer,design,18,6,career_switcher,intermediate
10th,Commerce,school_student,0,True,Product Designer,design,13,3,school_explorer,beginner
BTech,Management,college_student,0,False,Business Analyst,business_analysis,8,3,college_beginner,beginner
BCom,Humanities,college_student,0,False,Full Stack Developer,software_engineering,10,18,college_beginner,beginner
MBA,Arts,working_professional,10,False,Full Stack Developer,software_engineering,19,9,career_advancer,intermediate
BBA,Engineering,graduate,0,False,Data Analyst,data_science,7,24,graduate_beginner,beginner
10th,Science,school_student,0,False,Machine Learning Engineer,data_science,6,3,school_explorer,foundation
BBA,Science,college_student,0,False,Marketing Manager,marketing,14,9,college_beginner,beginner
BCA,Engineering,graduate,1,False,Software Engineer,software_engineering,3,24,graduate_beginner,intermediate
10th,Engineering,school_student,0,False,Digital Marketing Specialist,marketing,6,3,school_explorer,foundation
BCA,Science,graduate,0,False,Product Designer,design,13,6,graduate_beginner,beginner
BCom,Management,working_professional,1,False,HR Executive,hr_management,16,36,working_beginner,beginner
BBA,Arts,graduate,1,False,Digital Marketing Specialist,marketing,8,24,graduate_beginner,intermediate
10th,Computer Science,school_student,0,True,HR Executive,hr_management,7,18,school_explorer,beginner
BCom,Management,college_student,0,False,HR Manager,hr_management,12,9,college_beginner,beginner
BA,Science,college_student,0,False,UI UX Designer,design,6,9,college_beginner,beginner
BCA,Management,college_student,0,True,Product Manager,product_management,8,12,college_beginner,beginner
MCA,Science,working_professional,4,True,Digital Marketing Specialist,marketing,8,36,career_switcher,beginner
12th,Humanities,school_student,0,False,Marketing Manager,marketing,9,36,school_explorer,beginner
BCA,Science,college_student,0,False,UI UX Designer,design,9,12,college_beginner,beginner
BCom,Humanities,graduate,1,False,Software Engineer,software_engineering,15,24,graduate_beginner,intermediate
10th,Science,school_student,0,False,Digital Marketing Specialist,marketing,8,18,school_explorer,beginner
12th,Arts,school_student,0,False,Data Scientist,data_science,13,12,school_explorer,beginner
BCA,Arts,working_professional,4,False,Digital Marketing Specialist,marketing,4,24,working_beginner,intermediate
BBA,Management,college_student,1,False,HR Executive,hr_management,13,18,college_developer,intermediate
BCA,Engineering,graduate,0,False,UI UX Designer,design,16,9,graduate_beginner,beginner
BCA,Management,college_student,1,False,UI UX Designer,design,15,24,college_developer,intermediate
BTech,Management,graduate,1,False,Business Analyst,business_analysis,3,9,graduate_beginner,intermediate
BTech,Humanities,graduate,0,False,Machine Learning Engineer,data_science,9,18,graduate_beginner,beginner
12th,Commerce,school_student,0,False,Software Engineer,software_engineering,13,3,school_explorer,beginner
BBA,Engineering,graduate,0,False,Talent Acquisition Specialist,hr_management,3,3,graduate_beginner,beginner
12th,Management,school_student,0,False,Data Analyst,data_science,9,24,school_explorer,beginner
BCA,Computer Science,college_student,0,False,Product Manager,product_management,6,36,college_beginner,beginner
BA,Humanities,working_professional,9,True,Marketing Manager,marketing,6,12,career_switcher,intermediate
BTech,Engineering,graduate,1,False,Business Analyst,business_analysis,19,12,graduate_beginner,intermediate
BA,Computer Science,college_student,1,False,Machine Learning Engineer,data_science,11,36,college_developer,intermediate
MBA,Science,working_professional,4,False,Digital Marketing Specialist,marketing,17,3,working_beginner,intermediate
BCom,Science,graduate,1,False,HR Executive,hr_management,7,6,graduate_beginner,intermediate
BTech,Commerce,college_student,1,False,Data Analyst,data_science,13,18,college_developer,intermediate
BTech,Commerce,working_professional,10,False,Product Designer,design,3,36,career_advancer,intermediate
BCom,Arts,graduate,0,False,Business Analyst,business_analysis,16,18,graduate_beginner,beginner
BCom,Humanities,college_student,0,True,Digital Marketing Specialist,marketing,16,12,college_beginner,beginner
MBA,Engineering,working_professional,3,True,Business Analyst,business_analysis,17,6,career_switcher,beginner
10th,Management,school_student,0,False,UI UX Designer,design,16,6,school_explorer,beginner
BTech,Arts,graduate,0,False,Marketing Manager,marketing,17,9,graduate_beginner,beginner
BCom,Science,working_professional,2,True,Machine Learning Engineer,data_science,3,24,career_switcher,beginner
10th,Commerce,school_student,0,False,Product Manager,product_management,3,6,school_explorer,foundation
BCA,Management,college_student,0,False,Machine Learning Engineer,data_science,6,18,college_beginner,beginner
BCom,Engineering,graduate,0,False,Full Stack Developer,software_engineering,6,36,graduate_beginner,beginner
12th,Arts,school_student,0,False,Full Stack Developer,software_engineering,15,12,school_explorer,beginner
BTech,Arts,college_student,0,False,Business Analyst,business_analysis,6,36,college_beginner,beginner
MBA,Science,working_professional,6,False,HR Executive,hr_management,19,24,career_advancer,intermediate
MCA,Humanities,working_professional,8,False,HR Executive,hr_management,16,9,career_advancer,intermediate
BBA,Commerce,working_professional,9,False,UI UX Designer,design,11,18,career_advancer,intermediate
BCom,Computer Science,graduate,0,False,Business Analyst,business_analysis,5,9,graduate_beginner,beginner
BCA,Humanities,working_professional,10,True,UI UX Designer,design,15,9,career_switcher,intermediate
BBA,Humanities,graduate,0,False,Marketing Manager,marketing,14,36,graduate_beginner,beginner
BCA,Management,graduate,0,False,Software Engineer,software_engineering,9,3,graduate_beginner,beginner
BA,Computer Science,college_student,1,False,UI UX Designer,design,18,12,college_developer,intermediate
BCom,Science,college_student,0,False,Digital Marketing Specialist,marketing,14,12,college_beginner,beginner
BCom,Computer Science,graduate,1,False,Machine Learning Engineer,data_science,11,9,graduate_beginner,intermediate
BBA,Engineering,college_student,0,False,Product Designer,design,20,36,college_beginner,beginner
BCom,Commerce,working_professional,10,False,Product Manager,product_management,19,18,career_advancer,intermediate
BBA,Humanities,college_student,0,True,Data Scientist,data_science,8,9,college_beginner,beginner
BA,Commerce,graduate,0,False,Software Engineer,software_engineering,12,24,graduate_beginner,beginner
BA,Humanities,working_professional,1,False,Full Stack Developer,software_engineering,12,12,working_beginner,beginner
BTech,Science,college_student,0,False,Business Analyst,business_analysis,18,3,college_beginner,beginner
10th,Computer Science,school_student,0,False,Talent Acquisition Specialist,hr_management,7,36,school_explorer,beginner
BTech,Arts,college_student,1,False,Full Stack Developer,software_engineering,10,36,college_developer,intermediate
BCA,Computer Science,graduate,0,False,Digital Marketing Specialist,marketing,4,18,graduate_beginner,beginner
BA,Humanities,college_student,0,False,Digital Marketing Specialist,marketing,5,6,college_beginner,beginner
BTech,Arts,college_student,1,True,Machine Learning Engineer,data_science,18,9,college_developer,intermediate
BSc,Engineering,graduate,0,False,HR Executive,hr_management,10,9,graduate_beginner,beginner
BCom,Management,college_student,0,False,Software Engineer,software_engineering,10,24,college_beginner,beginner
BTech,Humanities,college_student,0,False,Talent Acquisition Specialist,hr_management,12,18,college_beginner,beginner
BA,Science,working_professional,8,False,Product Designer,design,12,24,career_advancer,intermediate
BTech,Management,working_professional,2,False,Full Stack Developer,software_engineering,4,12,working_beginner,intermediate
10th,Science,school_student,0,False,Marketing Manager,marketing,3,36,school_explorer,foundation
10th,Management,school_student,0,False,Machine Learning Engineer,data_science,19,24,school_explorer,beginner
MBA,Commerce,working_professional,8,False,HR Executive,hr_management,18,9,career_advancer,intermediate
10th,Science,school_student,0,False,Data Scientist,data_science,16,24,school_explorer,beginner
12th,Computer Science,school_student,0,False,HR Executive,hr_management,13,9,school_explorer,beginner
12th,Humanities,school_student,0,False,Data Analyst,data_science,4,6,school_explorer,foundation
MBA,Humanities,working_professional,8,False,Product Manager,product_management,4,6,career_advancer,intermediate
BTech,Commerce,graduate,1,False,Machine Learning Engineer,data_science,6,3,graduate_beginner,intermediate
BA,Humanities,college_student,0,False,Digital Marketing Specialist,marketing,20,3,college_beginner,beginner
12th,Commerce,school_student,0,False,HR Executive,hr_management,7,12,school_explorer,beginner
BTech,Management,graduate,0,False,Machine Learning Engineer,data_science,10,12,graduate_beginner,beginner
BTech,Commerce,college_student,0,False,Product Manager,product_management,16,9,college_beginner,beginner
12th,Science,school_student,0,False,Product Designer,design,12,36,school_explorer,beginner
BCom,Computer Science,college_student,1,False,Data Scientist,data_science,13,18,college_developer,intermediate
BBA,Computer Science,graduate,1,False,Marketing Manager,marketing,15,6,graduate_beginner,intermediate
BSc,Arts,graduate,0,False,Product Designer,design,15,12,graduate_beginner,beginner
BA,Commerce,working_professional,3,True,Software Engineer,software_engineering,13,36,career_switcher,beginner
BA,Arts,working_professional,3,False,Data Analyst,data_science,7,3,working_beginner,intermediate
MBA,Science,working_professional,2,False,Business Analyst,business_analysis,13,36,working_beginner,intermediate
MCA,Engineering,working_professional,9,False,HR Manager,hr_management,5,6,career_advancer,intermediate
12th,Engineering,school_student,0,False,HR Executive,hr_management,6,12,school_explorer,foundation
12th,Arts,school_student,0,False,Product Manager,product_management,4,9,school_explorer,foundation
BSc,Commerce,college_student,1,False,Full Stack Developer,software_engineering,8,6,college_developer,intermediate
BCA,Humanities,working_professional,4,False,Machine Learning Engineer,data_science,7,6,working_beginner,intermediate
BCom,Science,working_professional,1,True,Product Manager,product_management,17,9,career_switcher,beginner
BCA,Computer Science,graduate,0,False,UI UX Designer,design,16,24,graduate_beginner,beginner
MCA,Commerce,working_professional,8,False,HR Executive,hr_management,10,12,career_advancer,intermediate
BA,Science,graduate,1,False,Data Analyst,data_science,11,3,graduate_beginner,intermediate
12th,Humanities,school_student,0,False,Business Analyst,business_analysis,12,36,school_explorer,beginner
BBA,Humanities,graduate,1,False,Marketing Manager,marketing,11,24,graduate_beginner,intermediate
BA,Engineering,college_student,0,False,UI UX Designer,design,4,9,college_beginner,beginner
BSc,Management,graduate,0,False,HR Executive,hr_management,12,9,graduate_beginner,beginner
BSc,Commerce,college_student,0,False,Software Engineer,software_engineering,19,9,college_beginner,beginner
MCA,Humanities,working_professional,5,True,Product Designer,design,13,36,career_switcher,intermediate
BCA,Arts,college_student,1,True,Business Analyst,business_analysis,20,9,college_developer,intermediate
BCA,Arts,graduate,0,False,Machine Learning Engineer,data_science,14,24,graduate_beginner,beginner
MCA,Management,working_professional,6,True,HR Executive,hr_management,10,12,career_switcher,intermediate
BCA,Management,graduate,0,False,UI UX Designer,design,5,24,graduate_beginner,beginner
BA,Science,working_professional,3,False,HR Manager,hr_management,4,9,working_beginner,intermediate
BSc,Arts,college_student,0,False,Data Analyst,data_science,17,9,college_beginner,beginner
BCA,Engineering,working_professional,3,False,Data Analyst,data_science,6,36,working_beginner,intermediate
BA,Computer Science,graduate,1,False,Data Scientist,data_science,9,12,graduate_beginner,intermediate
BA,Humanities,graduate,1,False,Data Scientist,data_science,20,24,graduate_beginner,intermediate
BTech,Science,college_student,1,False,HR Executive,hr_management,9,24,college_developer,intermediate
BBA,Arts,graduate,0,False,Product Manager,product_management,9,3,graduate_beginner,beginner
BCA,Commerce,college_student,0,False,Product Manager,product_management,7,36,college_beginner,beginner
BCA,Science,college_student,0,False,Product Manager,product_management,8,3,college_beginner,beginner
12th,Commerce,school_student,0,False,Product Manager,product_management,10,18,school_explorer,beginner
10th,Science,school_student,0,True,Product Designer,design,16,18,school_explorer,beginner
MCA,Computer Science,working_professional,6,True,Software Engineer,software_engineering,6,12,career_switcher,intermediate
BTech,Arts,graduate,1,False,HR Manager,hr_management,4,12,graduate_beginner,intermediate
12th,Engineering,school_student,0,False,Product Designer,design,17,3,school_explorer,beginner
BTech,Management,college_student,0,False,Digital Marketing Specialist,marketing,20,24,college_beginner,beginner
BTech,Management,graduate,1,False,Full Stack Developer,software_engineering,16,3,graduate_beginner,intermediate
BCom,Humanities,college_student,1,False,Marketing Manager,marketing,16,9,college_developer,intermediate
12th,Computer Science,school_student,0,False,Data Analyst,data_science,13,24,school_explorer,beginner
BA,Engineering,working_professional,2,False,Business Analyst,business_analysis,5,3,working_beginner,intermediate
BBA,Engineering,graduate,1,False,HR Manager,hr_management,20,18,graduate_beginner,intermediate
BSc,Computer Science,graduate,0,False,Business Analyst,business_analysis,4,9,graduate_beginner,beginner
BCA,Arts,college_student,1,False,Marketing Manager,marketing,6,9,college_developer,intermediate
BCA,Arts,graduate,0,False,Product Manager,product_management,16,36,graduate_beginner,beginner
12th,Management,school_student,0,False,HR Manager,hr_management,8,9,school_explorer,beginner
BA,Science,graduate,0,False,Business Analyst,business_analysis,7,18,graduate_beginner,beginner
10th,Commerce,school_student,0,False,Product Designer,design,19,6,school_explorer,beginner
BBA,Science,college_student,0,False,Product Designer,design,13,36,college_beginner,beginner
10th,Arts,school_student,0,True,Talent Acquisition Specialist,hr_management,4,24,school_explorer,foundation
BTech,Engineering,working_professional,10,True,Machine Learning Engineer,data_science,16,9,career_switcher,intermediate
BTech,Arts,graduate,0,False,Digital Marketing Specialist,marketing,18,18,graduate_beginner,beginner
BCA,Commerce,working_professional,1,True,HR Manager,hr_management,9,9,career_switcher,beginner
BCom,Humanities,graduate,0,False,HR Executive,hr_management,3,12,graduate_beginner,beginner
BCA,Commerce,working_professional,4,False,Software Engineer,software_engineering,20,36,working_beginner,intermediate
12th,Computer Science,school_student,0,False,HR Manager,hr_management,17,3,school_explorer,beginner
MBA,Computer Science,working_professional,7,True,Digital Marketing Specialist,marketing,6,12,career_switcher,intermediate
MCA,Commerce,working_professional,6,True,HR Executive,hr_management,16,36,career_switcher,intermediate
BCA,Computer Science,working_professional,2,False,Data Analyst,data_science,12,24,working_beginner,intermediate
BTech,Science,college_student,0,False,Software Engineer,software_engineering,19,6,college_beginner,beginner
BCA,Science,college_student,0,False,Talent Acquisition Specialist,hr_management,11,6,college_beginner,beginner
10th,Humanities,school_student,0,False,Product Manager,product_management,18,12,school_explorer,beginner
BSc,Computer Science,graduate,0,False,Talent Acquisition Specialist,hr_management,17,3,graduate_beginner,beginner
BCA,Science,graduate,0,False,Data Scientist,data_science,19,3,graduate_beginner,beginner
12th,Arts,school_student,0,False,Business Analyst,business_analysis,12,3,school_explorer,beginner
BTech,Management,working_professional,10,True,Software Engineer,software_engineering,4,12,career_switcher,intermediate
BCA,Management,working_professional,3,False,HR Manager,hr_management,17,3,working_beginner,intermediate
BTech,Arts,college_student,0,False,Product Designer,design,17,12,college_beginner,beginner
BCom,Commerce,graduate,0,False,Data Analyst,data_science,16,36,graduate_beginner,beginner
BA,Arts,graduate,0,False,HR Executive,hr_management,20,24,graduate_beginner,beginner
BBA,Engineering,college_student,0,False,Full Stack Developer,software_engineering,7,9,college_beginner,beginner
BBA,Engineering,working_professional,10,False,Product Designer,design,5,9,career_advancer,intermediate
BBA,Humanities,graduate,1,False,Product Designer,design,19,3,graduate_beginner,intermediate
BA,Management,graduate,0,False,Digital Marketing Specialist,marketing,8,6,graduate_beginner,beginner
BCA,Commerce,college_student,0,False,HR Executive,hr_management,12,36,college_beginner,beginner
12th,Humanities,school_student,0,False,Product Manager,product_management,7,18,school_explorer,beginner
BA,Commerce,college_student,1,False,HR Manager,hr_management,16,9,college_developer,intermediate
BSc,Computer Science,graduate,0,False,Marketing Manager,marketing,20,6,graduate_beginner,beginner
BBA,Humanities,college_student,1,False,Machine Learning Engineer,data_science,12,36,college_developer,intermediate
BCA,Computer Science,college_student,0,False,Business Analyst,business_analysis,11,3,college_beginner,beginner
10th,Management,school_student,0,False,Digital Marketing Specialist,marketing,5,36,school_explorer,foundation
BCom,Management,college_student,0,False,Marketing Manager,marketing,17,9,college_beginner,beginner
BCA,Arts,working_professional,6,False,Marketing Manager,marketing,15,3,career_advancer,intermediate
BA,Arts,graduate,1,False,UI UX Designer,design,13,36,graduate_beginner,intermediate
MBA,Science,working_professional,3,True,Product Manager,product_management,18,12,career_switcher,beginner
BBA,Arts,graduate,0,True,Software Engineer,software_engineering,19,12,graduate_beginner,beginner
BA,Commerce,graduate,0,False,Marketing Manager,marketing,16,24,graduate_beginner,beginner
12th,Arts,school_student,0,False,Full Stack Developer,software_engineering,20,3,school_explorer,beginner
BBA,Commerce,college_student,1,False,HR Manager,hr_management,14,6,college_developer,intermediate
12th,Engineering,school_student,0,False,HR Executive,hr_management,19,18,school_explorer,beginner
12th,Management,school_student,0,False,Business Analyst,business_analysis,18,3,school_explorer,beginner
12th,Science,school_student,0,False,Product Manager,product_management,5,9,school_explorer,foundation
12th,Engineering,school_student,0,False,Talent Acquisition Specialist,hr_management,4,9,school_explorer,foundation
MBA,Commerce,working_professional,8,True,UI UX Designer,design,8,36,career_switcher,intermediate
BA,Engineering,working_professional,5,True,Marketing Manager,marketing,4,36,career_switcher,intermediate
BCA,Science,graduate,0,False,Business Analyst,business_analysis,20,12,graduate_beginner,beginner
BCom,Commerce,graduate,0,False,Business Analyst,business_analysis,13,9,graduate_beginner,beginner
MBA,Computer Science,working_professional,8,False,Data Analyst,data_science,13,6,career_advancer,intermediate
BCA,Computer Science,graduate,0,False,Product Manager,product_management,5,24,graduate_beginner,beginner
BSc,Management,college_student,0,False,Data Scientist,data_science,6,3,college_beginner,beginner
BCA,Science,working_professional,7,False,Talent Acquisition Specialist,hr_management,17,9,career_advancer,intermediate
BCA,Engineering,graduate,0,False,Digital Marketing Specialist,marketing,4,3,graduate_beginner,beginner
BTech,Science,college_student,0,False,Business Analyst,business_analysis,17,3,college_beginner,beginner
BCom,Humanities,graduate,0,False,Full Stack Developer,software_engineering,4,18,graduate_beginner,beginner
BTech,Science,graduate,0,False,Full Stack Developer,software_engineering,7,18,graduate_beginner,beginner
BBA,Engineering,graduate,0,False,HR Manager,hr_management,8,12,graduate_beginner,beginner
BCom,Arts,graduate,1,False,Machine Learning Engineer,data_science,9,18,graduate_beginner,intermediate
10th,Commerce,school_student,0,False,Business Analyst,business_analysis,5,12,school_explorer,foundation
12th,Computer Science,school_student,0,True,UI UX Designer,design,14,24,school_explorer,beginner
BBA,Science,graduate,1,False,Product Designer,design,8,36,graduate_beginner,intermediate
BCA,Arts,college_student,0,False,Product Manager,product_management,18,3,college_beginner,beginner
MCA,Science,working_professional,9,False,Talent Acquisition Specialist,hr_management,5,3,career_advancer,intermediate
BCA,Engineering,working_professional,7,True,Product Manager,product_management,16,36,career_switcher,intermediate
12th,Science,school_student,0,False,Machine Learning Engineer,data_science,19,9,school_explorer,beginner
BCA,Engineering,college_student,1,False,Software Engineer,software_engineering,4,36,college_developer,intermediate
BCA,Science,college_student,0,False,Product Designer,design,10,9,college_beginner,beginner
12th,Science,school_student,0,False,Marketing Manager,marketing,20,9,school_explorer,beginner
10th,Management,school_student,0,False,Full Stack Developer,software_engineering,7,6,school_explorer,beginner
BCA,Management,graduate,0,True,Business Analyst,business_analysis,3,3,graduate_beginner,beginner
BSc,Humanities,graduate,0,False,Product Manager,product_management,16,18,graduate_beginner,beginner
BSc,Engineering,graduate,0,False,Machine Learning Engineer,data_science,10,36,graduate_beginner,beginner
BA,Science,working_professional,1,False,Talent Acquisition Specialist,hr_management,17,12,working_beginner,beginner
BCA,Commerce,graduate,0,False,Data Scientist,data_science,13,24,graduate_beginner,beginner
BBA,Computer Science,college_student,0,False,Data Scientist,data_science,10,12,college_beginner,beginner
BTech,Commerce,college_student,0,False,Digital Marketing Specialist,marketing,15,36,college_beginner,beginner
BBA,Humanities,college_student,0,False,Marketing Manager,marketing,8,12,college_beginner,beginner
BTech,Computer Science,graduate,0,False,HR Executive,hr_management,15,18,graduate_beginner,beginner
BA,Commerce,graduate,0,False,Digital Marketing Specialist,marketing,18,18,graduate_beginner,beginner
BCom,Engineering,working_professional,9,True,HR Manager,hr_management,6,12,career_switcher,intermediate
BTech,Engineering,graduate,0,False,HR Manager,hr_management,15,3,graduate_beginner,beginner
BA,Science,graduate,0,False,Software Engineer,software_engineering,17,36,graduate_beginner,beginner
10th,Engineering,school_student,0,False,HR Executive,hr_management,15,9,school_explorer,beginner
BBA,Management,graduate,0,False,Full Stack Developer,software_engineering,19,12,graduate_beginner,beginner
BA,Arts,college_student,0,False,Product Manager,product_management,18,18,college_beginner,beginner
BBA,Management,college_student,0,False,Talent Acquisition Specialist,hr_management,15,18,college_beginner,beginner
BCA,Management,graduate,1,False,Software Engineer,software_engineering,18,24,graduate_beginner,intermediate
12th,Humanities,school_student,0,False,Data Scientist,data_science,6,12,school_explorer,foundation
12th,Humanities,school_student,0,True,Digital Marketing Specialist,marketing,10,24,school_explorer,beginner
BBA,Commerce,working_professional,4,True,HR Manager,hr_management,6,6,career_switcher,beginner
BBA,Science,working_professional,7,False,Product Designer,design,9,12,career_advancer,intermediate
10th,Engineering,school_student,0,False,Software Engineer,software_engineering,9,18,school_explorer,beginner
BCom,Computer Science,working_professional,3,False,Machine Learning Engineer,data_science,20,9,working_beginner,intermediate
BCA,Humanities,graduate,0,False,Marketing Manager,marketing,10,9,graduate_beginner,beginner
BSc,Science,graduate,0,False,Product Designer,design,18,9,graduate_beginner,beginner
BCom,Humanities,graduate,0,False,Full Stack Developer,software_engineering,20,12,graduate_beginner,beginner
BBA,Humanities,graduate,0,True,HR Manager,hr_management,12,24,graduate_beginner,beginner
BSc,Engineering,graduate,0,False,Marketing Manager,marketing,9,36,graduate_beginner,beginner
BBA,Engineering,graduate,0,True,Full Stack Developer,software_engineering,10,6,graduate_beginner,beginner
BTech,Commerce,college_student,0,False,Data Analyst,data_science,13,24,college_beginner,beginner
BTech,Humanities,college_student,0,False,Data Analyst,data_science,18,12,college_beginner,beginner
BSc,Science,graduate,0,False,Product Manager,product_management,5,24,graduate_beginner,beginner
10th,Engineering,school_student,0,False,Data Analyst,data_science,8,3,school_explorer,beginner
BBA,Humanities,working_professional,5,True,HR Manager,hr_management,3,9,career_switcher,intermediate
MBA,Science,working_professional,9,False,Software Engineer,software_engineering,18,6,career_advancer,intermediate
12th,Commerce,school_student,0,False,Talent Acquisition Specialist,hr_management,17,24,school_explorer,beginner
BCom,Arts,graduate,1,False,UI UX Designer,design,9,6,graduate_beginner,intermediate
BCA,Computer Science,working_professional,6,True,HR Executive,hr_management,15,24,career_switcher,intermediate
BCom,Commerce,working_professional,4,True,HR Manager,hr_management,11,12,career_switcher,beginner
BCom,Humanities,graduate,0,False,Full Stack Developer,software_engineering,3,9,graduate_beginner,beginner
10th,Commerce,school_student,0,False,Machine Learning Engineer,data_science,12,6,school_explorer,beginner
BSc,Engineering,graduate,0,False,UI UX Designer,design,12,9,graduate_beginner,beginner
BBA,Commerce,working_professional,8,False,Product Designer,design,14,12,career_advancer,intermediate
BCA,Humanities,college_student,0,False,Software Engineer,software_engineering,17,18,college_beginner,beginner
10th,Management,school_student,0,False,Business Analyst,business_analysis,20,18,school_explorer,beginner
BBA,Commerce,college_student,1,False,HR Executive,hr_management,9,24,college_developer,intermediate
MCA,Management,working_professional,1,False,Machine Learning Engineer,data_science,7,18,working_beginner,beginner
12th,Management,school_student,0,True,UI UX Designer,design,12,24,school_explorer,beginner
10th,Humanities,school_student,0,False,Full Stack Developer,software_engineering,5,3,school_explorer,foundation
10th,Arts,school_student,0,False,Machine Learning Engineer,data_science,4,9,school_explorer,foundation
BCom,Humanities,working_professional,7,True,Machine Learning Engineer,data_science,15,12,career_switcher,intermediate
BA,Engineering,college_student,0,False,HR Executive,hr_management,8,18,college_beginner,beginner
BTech,Engineering,college_student,0,False,Digital Marketing Specialist,marketing,17,24,college_beginner,beginner
MCA,Management,working_professional,4,True,Marketing Manager,marketing,17,9,career_switcher,beginner
10th,Commerce,school_student,0,False,Product Manager,product_management,16,18,school_explorer,beginner
BTech,Commerce,college_student,0,False,Full Stack Developer,software_engineering,4,12,college_beginner,beginner
10th,Humanities,school_student,0,False,Product Designer,design,4,12,school_explorer,foundation
10th,Commerce,school_student,0,False,Software Engineer,software_engineering,12,6,school_explorer,beginner
BCA,Management,graduate,1,False,Product Manager,product_management,13,6,graduate_beginner,intermediate
BCom,Engineering,college_student,0,False,Digital Marketing Specialist,marketing,4,18,college_beginner,beginner
BCA,Commerce,working_professional,8,False,HR Manager,hr_management,14,24,career_advancer,intermediate
BTech,Science,working_professional,3,False,Digital Marketing Specialist,marketing,15,6,working_beginner,intermediate
BBA,Humanities,college_student,0,False,Product Manager,product_management,17,3,college_beginner,beginner
BCom,Management,college_student,0,False,Digital Marketing Specialist,marketing,9,9,college_beginner,beginner
BA,Humanities,graduate,1,False,Product Designer,design,9,3,graduate_beginner,intermediate
10th,Management,school_student,0,False,Marketing Manager,marketing,20,6,school_explorer,beginner
10th,Science,school_student,0,False,Marketing Manager,marketing,6,24,school_explorer,foundation
BCom,Commerce,college_student,0,False,Software Engineer,software_engineering,13,36,college_beginner,beginner
BCom,Management,graduate,0,False,Data Scientist,data_science,19,12,graduate_beginner,beginner
BBA,Computer Science,graduate,0,False,Data Scientist,data_science,16,3,graduate_beginner,beginner
BTech,Engineering,college_student,0,False,Software Engineer,software_engineering,16,9,college_beginner,beginner
BCA,Commerce,working_professional,4,False,Machine Learning Engineer,data_science,20,24,working_beginner,intermediate
MBA,Humanities,working_professional,8,False,Machine Learning Engineer,data_science,8,24,career_advancer,intermediate
BBA,Commerce,working_professional,9,True,UI UX Designer,design,4,18,career_switcher,intermediate
10th,Humanities,school_student,0,False,Data Analyst,data_science,7,36,school_explorer,beginner
BTech,Engineering,college_student,0,True,Software Engineer,software_engineering,17,9,college_beginner,beginner
MBA,Engineering,working_professional,8,False,HR Manager,hr_management,3,18,career_advancer,intermediate
BCA,Arts,graduate,0,False,HR Manager,hr_management,19,36,graduate_beginner,beginner
BTech,Humanities,college_student,0,False,Software Engineer,software_engineering,7,6,college_beginner,beginner
BCom,Science,graduate,0,False,HR Executive,hr_management,14,12,graduate_beginner,beginner
BBA,Engineering,college_student,0,False,UI UX Designer,design,4,3,college_beginner,beginner
BA,Management,working_professional,1,False,Product Designer,design,8,3,working_beginner,beginner
BCA,Engineering,graduate,0,False,Software Engineer,software_engineering,4,6,graduate_beginner,beginner
BCom,Management,working_professional,1,True,HR Executive,hr_management,11,18,career_switcher,beginner
BA,Humanities,graduate,0,False,Full Stack Developer,software_engineering,7,36,graduate_beginner,beginner
BBA,Arts,graduate,1,False,Marketing Manager,marketing,15,24,graduate_beginner,intermediate
BA,Computer Science,college_student,0,True,Software Engineer,software_engineering,14,3,college_beginner,beginner
12th,Humanities,school_student,0,False,Full Stack Developer,software_engineering,15,36,school_explorer,beginner
BTech,Science,working_professional,4,False,Data Scientist,data_science,20,12,working_beginner,intermediate
BA,Engineering,working_professional,10,True,Digital Marketing Specialist,marketing,10,24,career_switcher,intermediate
BCom,Science,college_student,0,False,Product Designer,design,15,9,college_beginner,beginner
BTech,Arts,graduate,0,False,Product Manager,product_management,11,3,graduate_beginner,beginner
BCA,Computer Science,working_professional,9,True,Software Engineer,software_engineering,16,3,career_switcher,intermediate
12th,Science,school_student,0,False,Business Analyst,business_analysis,15,3,school_explorer,beginner
10th,Humanities,school_student,0,False,Full Stack Developer,software_engineering,19,6,school_explorer,beginner
BCom,Commerce,graduate,0,False,Machine Learning Engineer,data_science,7,3,graduate_beginner,beginner
BTech,Computer Science,graduate,0,False,Data Scientist,data_science,11,6,graduate_beginner,beginner
BCom,Management,college_student,0,False,Talent Acquisition Specialist,hr_management,12,3,college_beginner,beginner
MCA,Humanities,working_professional,6,True,Machine Learning Engineer,data_science,13,12,career_switcher,intermediate
BCom,Science,college_student,0,False,Talent Acquisition Specialist,hr_management,15,9,college_beginner,beginner
BCA,Engineering,working_professional,4,False,Data Scientist,data_science,15,9,working_beginner,intermediate
BSc,Arts,college_student,0,False,UI UX Designer,design,20,3,college_beginner,beginner
BCom,Engineering,college_student,0,False,Business Analyst,business_analysis,5,36,college_beginner,beginner
BBA,Engineering,working_professional,5,True,Marketing Manager,marketing,11,24,career_switcher,intermediate
BA,Computer Science,working_professional,8,False,Full Stack Developer,software_engineering,18,18,career_advancer,intermediate
BCA,Management,working_professional,1,True,Product Manager,product_management,14,24,career_switcher,beginner
BA,Humanities,college_student,0,False,Talent Acquisition Specialist,hr_management,4,18,college_beginner,beginner
MCA,Engineering,working_professional,6,True,Product Manager,product_management,16,3,career_switcher,intermediate
BSc,Science,college_student,0,False,Machine Learning Engineer,data_science,14,12,college_beginner,beginner
BBA,Management,college_student,0,False,Machine Learning Engineer,data_science,6,9,college_beginner,beginner
BBA,Arts,college_student,0,False,Data Scientist,data_science,17,36,college_beginner,beginner
BA,Science,working_professional,8,True,Product Designer,design,17,9,career_switcher,intermediate
10th,Arts,school_student,0,True,Business Analyst,business_analysis,13,24,school_explorer,beginner
BSc,Engineering,college_student,0,False,Software Engineer,software_engineering,8,9,college_beginner,beginner
MBA,Commerce,working_professional,3,True,Talent Acquisition Specialist,hr_management,16,12,career_switcher,beginner
BCom,Management,college_student,1,False,Data Analyst,data_science,3,24,college_developer,intermediate
10th,Humanities,school_student,0,False,Product Manager,product_management,20,6,school_explorer,beginner
12th,Computer Science,school_student,0,False,UI UX Designer,design,18,18,school_explorer,beginner
BCA,Management,working_professional,7,False,Full Stack Developer,software_engineering,6,9,career_advancer,intermediate
BA,Management,college_student,0,False,Full Stack Developer,software_engineering,5,24,college_beginner,beginner
BA,Commerce,graduate,0,False,Data Scientist,data_science,7,18,graduate_beginner,beginner
BTech,Commerce,working_professional,3,True,Machine Learning Engineer,data_science,20,24,career_switcher,beginner
BCom,Commerce,working_professional,3,False,Talent Acquisition Specialist,hr_management,13,36,working_beginner,intermediate
BA,Arts,graduate,0,False,Talent Acquisition Specialist,hr_management,9,36,graduate_beginner,beginner
BTech,Management,working_professional,8,True,Data Analyst,data_science,17,12,career_switcher,intermediate
10th,Management,school_student,0,False,Digital Marketing Specialist,marketing,4,9,school_explorer,foundation
BCA,Commerce,working_professional,8,True,Software Engineer,software_engineering,19,3,career_switcher,intermediate
BCA,Humanities,graduate,0,False,Product Manager,product_management,17,18,graduate_beginner,beginner
BBA,Arts,college_student,0,False,Machine Learning Engineer,data_science,11,9,college_beginner,beginner
10th,Computer Science,school_student,0,False,Marketing Manager,marketing,14,36,school_explorer,beginner
BSc,Computer Science,college_student,0,False,Product Manager,product_management,9,36,college_beginner,beginner
BCA,Management,graduate,0,False,Full Stack Developer,software_engineering,20,6,graduate_beginner,beginner
BCA,Science,graduate,0,False,Business Analyst,business_analysis,19,24,graduate_beginner,beginner
BA,Humanities,working_professional,5,True,Business Analyst,business_analysis,7,24,career_switcher,intermediate
BBA,Commerce,graduate,1,False,Data Analyst,data_science,18,6,graduate_beginner,intermediate
BTech,Engineering,working_professional,8,False,HR Executive,hr_management,5,12,career_advancer,intermediate
BTech,Science,working_professional,6,True,Full Stack Developer,software_engineering,3,36,career_switcher,intermediate
BA,Computer Science,graduate,1,False,Data Analyst,data_science,9,12,graduate_beginner,intermediate
BCom,Science,graduate,0,False,Software Engineer,software_engineering,7,18,graduate_beginner,beginner
10th,Engineering,school_student,0,False,HR Executive,hr_management,17,3,school_explorer,beginner
BA,Computer Science,working_professional,7,False,Marketing Manager,marketing,7,24,career_advancer,intermediate
BA,Humanities,graduate,1,False,Data Scientist,data_science,11,3,graduate_beginner,intermediate
12th,Commerce,school_student,0,False,UI UX Designer,design,12,24,school_explorer,beginner
10th,Computer Science,school_student,0,True,HR Manager,hr_management,9,12,school_explorer,beginner
BA,Commerce,working_professional,1,True,Product Designer,design,13,36,career_switcher,beginner
BCom,Engineering,college_student,0,False,Marketing Manager,marketing,15,3,college_beginner,beginner
BCom,Arts,graduate,0,False,Talent Acquisition Specialist,hr_management,15,36,graduate_beginner,beginner
BTech,Engineering,college_student,0,False,Full Stack Developer,software_engineering,8,12,college_beginner,beginner
BCom,Engineering,college_student,1,False,Business Analyst,business_analysis,9,3,college_developer,intermediate
12th,Humanities,school_student,0,False,Data Scientist,data_science,16,9,school_explorer,beginner
10th,Science,school_student,0,False,Software Engineer,software_engineering,12,36,school_explorer,beginner
BBA,Humanities,graduate,1,False,Full Stack Developer,software_engineering,19,6,graduate_beginner,intermediate
10th,Engineering,school_student,0,False,Machine Learning Engineer,data_science,15,3,school_explorer,beginner
10th,Management,school_student,0,False,Data Scientist,data_science,13,6,school_explorer,beginner
BCA,Computer Science,graduate,1,True,Talent Acquisition Specialist,hr_management,18,36,graduate_beginner,intermediate
12th,Arts,school_student,0,False,Marketing Manager,marketing,4,3,school_explorer,foundation
BSc,Management,graduate,1,False,Software Engineer,software_engineering,16,12,graduate_beginner,intermediate
BBA,Engineering,college_student,0,False,Digital Marketing Specialist,marketing,5,18,college_beginner,beginner
BTech,Management,graduate,1,False,UI UX Designer,design,5,9,graduate_beginner,intermediate
BTech,Humanities,college_student,0,False,HR Executive,hr_management,16,3,college_beginner,beginner
BSc,Arts,graduate,1,True,UI UX Designer,design,8,3,graduate_beginner,intermediate
10th,Engineering,school_student,0,False,Machine Learning Engineer,data_science,14,18,school_explorer,beginner
BBA,Science,college_student,0,False,Product Designer,design,11,24,college_beginner,beginner
BCom,Science,working_professional,9,True,HR Executive,hr_management,11,24,career_switcher,intermediate
BA,Computer Science,graduate,0,False,Business Analyst,business_analysis,8,9,graduate_beginner,beginner
10th,Management,school_student,0,True,Product Designer,design,19,3,school_explorer,beginner
12th,Commerce,school_student,0,False,Data Scientist,data_science,15,6,school_explorer,beginner
BBA,Management,working_professional,6,False,Marketing Manager,marketing,16,24,career_advancer,intermediate
12th,Humanities,school_student,0,False,HR Executive,hr_management,19,24,school_explorer,beginner
12th,Commerce,school_student,0,False,HR Executive,hr_management,17,36,school_explorer,beginner
12th,Science,school_student,0,False,HR Manager,hr_management,14,6,school_explorer,beginner
BCom,Engineering,college_student,0,False,Full Stack Developer,software_engineering,18,36,college_beginner,beginner
BCA,Management,college_student,0,False,Data Analyst,data_science,3,6,college_beginner,beginner
12th,Humanities,school_student,0,False,HR Manager,hr_management,15,36,school_explorer,beginner
BSc,Arts,college_student,0,False,Data Analyst,data_science,18,3,college_beginner,beginner
BA,Engineering,graduate,0,False,Marketing Manager,marketing,19,12,graduate_beginner,beginner
10th,Computer Science,school_student,0,False,Software Engineer,software_engineering,7,24,school_explorer,beginner
12th,Management,school_student,0,False,UI UX Designer,design,7,6,school_explorer,beginner
MBA,Humanities,working_professional,6,True,Data Scientist,data_science,17,9,career_switcher,intermediate
BSc,Commerce,college_student,0,False,Talent Acquisition Specialist,hr_management,6,6,college_beginner,beginner
12th,Computer Science,school_student,0,False,Product Manager,product_management,9,12,school_explorer,beginner
10th,Humanities,school_student,0,False,Talent Acquisition Specialist,hr_management,12,36,school_explorer,beginner
BBA,Arts,college_student,0,False,HR Executive,hr_management,10,9,college_beginner,beginner
BCom,Engineering,graduate,0,False,HR Manager,hr_management,15,36,graduate_beginner,beginner
BTech,Management,college_student,1,True,HR Executive,hr_management,7,3,college_developer,intermediate
BCom,Commerce,college_student,0,False,UI UX Designer,design,5,18,college_beginner,beginner
10th,Arts,school_student,0,False,UI UX Designer,design,17,36,school_explorer,beginner
12th,Arts,school_student,0,False,HR Manager,hr_management,8,18,school_explorer,beginner
BA,Computer Science,working_professional,7,False,UI UX Designer,design,16,6,career_advancer,intermediate
BCom,Commerce,graduate,0,False,Talent Acquisition Specialist,hr_management,4,18,graduate_beginner,beginner
BTech,Engineering,graduate,0,True,Software Engineer,software_engineering,18,3,graduate_beginner,beginner
BBA,Commerce,working_professional,9,True,Marketing Manager,marketing,20,36,career_switcher,intermediate
BTech,Humanities,graduate,1,False,Product Manager,product_management,18,9,graduate_beginner,intermediate
BCom,Science,working_professional,3,True,HR Manager,hr_management,13,18,career_switcher,beginner
BA,Humanities,graduate,0,False,Software Engineer,software_engineering,14,36,graduate_beginner,beginner
10th,Commerce,school_student,0,False,UI UX Designer,design,10,9,school_explorer,beginner
BSc,Arts,college_student,1,False,Data Scientist,data_science,8,6,college_developer,intermediate
BCA,Humanities,graduate,0,False,Product Designer,design,14,18,graduate_beginner,beginner
BCA,Commerce,working_professional,5,True,Talent Acquisition Specialist,hr_management,18,3,career_switcher,intermediate
BTech,Commerce,college_student,1,False,HR Manager,hr_management,13,18,college_developer,intermediate
BBA,Science,college_student,0,False,HR Manager,hr_management,7,18,college_beginner,beginner
12th,Humanities,school_student,0,False,HR Executive,hr_management,14,24,school_explorer,beginner
12th,Management,school_student,0,False,Digital Marketing Specialist,marketing,13,6,school_explorer,beginner
MBA,Computer Science,working_professional,6,False,Talent Acquisition Specialist,hr_management,20,24,career_advancer,intermediate
BCom,Engineering,college_student,0,False,Product Designer,design,12,6,college_beginner,beginner
MCA,Engineering,working_professional,10,False,HR Manager,hr_management,8,18,career_advancer,intermediate
12th,Commerce,school_student,0,True,Talent Acquisition Specialist,hr_management,13,24,school_explorer,beginner
BA,Science,college_student,0,True,Business Analyst,business_analysis,13,12,college_beginner,beginner
12th,Commerce,school_student,0,True,Digital Marketing Specialist,marketing,6,24,school_explorer,foundation
BBA,Computer Science,working_professional,7,False,Machine Learning Engineer,data_science,15,9,career_advancer,intermediate
MCA,Humanities,working_professional,10,False,UI UX Designer,design,10,6,career_advancer,intermediate
12th,Humanities,school_student,0,False,HR Manager,hr_management,13,9,school_explorer,beginner
BCom,Science,college_student,0,False,Product Designer,design,5,18,college_beginner,beginner
MBA,Science,working_professional,1,False,Data Analyst,data_science,8,18,working_beginner,beginner
12th,Arts,school_student,0,False,Marketing Manager,marketing,9,12,school_explorer,beginner
BSc,Engineering,graduate,0,True,Digital Marketing Specialist,marketing,10,3,graduate_beginner,beginner
BBA,Management,working_professional,1,True,Data Scientist,data_science,3,12,career_switcher,beginner
BBA,Humanities,working_professional,2,False,HR Manager,hr_management,9,6,working_beginner,intermediate
12th,Computer Science,school_student,0,False,Product Manager,product_management,15,12,school_explorer,beginner
12th,Science,school_student,0,False,Talent Acquisition Specialist,hr_management,14,12,school_explorer,beginner
BTech,Arts,graduate,0,False,Digital Marketing Specialist,marketing,10,36,graduate_beginner,beginner
10th,Commerce,school_student,0,False,UI UX Designer,design,14,36,school_explorer,beginner
12th,Commerce,school_student,0,False,Business Analyst,business_analysis,19,12,school_explorer,beginner
BCA,Humanities,working_professional,4,False,Machine Learning Engineer,data_science,12,3,working_beginner,intermediate
BTech,Arts,college_student,1,False,Talent Acquisition Specialist,hr_management,8,6,college_developer,intermediate
BA,Arts,working_professional,7,False,Marketing Manager,marketing,7,36,career_advancer,intermediate
10th,Engineering,school_student,0,False,Data Analyst,data_science,20,12,school_explorer,beginner
MCA,Management,working_professional,1,False,Product Manager,product_management,19,36,working_beginner,beginner
BCA,Computer Science,college_student,0,False,HR Executive,hr_management,6,36,college_beginner,beginner
BCom,Science,working_professional,7,False,UI UX Designer,design,18,18,career_advancer,intermediate
BTech,Commerce,graduate,0,False,Full Stack Developer,software_engineering,15,3,graduate_beginner,beginner
BTech,Engineering,college_student,1,False,Digital Marketing Specialist,marketing,14,3,college_developer,intermediate
BTech,Science,graduate,1,False,UI UX Designer,design,6,36,graduate_beginner,intermediate
MCA,Engineering,working_professional,6,True,Digital Marketing Specialist,marketing,16,18,career_switcher,intermediate
BCom,Computer Science,college_student,1,False,Product Manager,product_management,19,36,college_developer,intermediate
BTech,Management,college_student,0,False,Product Designer,design,19,12,college_beginner,beginner
10th,Management,school_student,0,True,Marketing Manager,marketing,9,36,school_explorer,beginner
12th,Computer Science,school_student,0,False,Product Designer,design,9,9,school_explorer,beginner
MBA,Management,working_professional,2,False,UI UX Designer,design,3,6,working_beginner,intermediate
BBA,Management,working_professional,8,False,Full Stack Developer,software_engineering,20,9,career_advancer,intermediate
BSc,Humanities,graduate,1,False,HR Executive,hr_management,12,3,graduate_beginner,intermediate
BCA,Humanities,college_student,0,False,UI UX Designer,design,9,9,college_beginner,beginner
12th,Arts,school_student,0,False,Talent Acquisition Specialist,hr_management,8,18,school_explorer,beginner
BSc,Science,graduate,1,False,UI UX Designer,design,11,12,graduate_beginner,intermediate
BBA,Computer Science,graduate,0,False,Digital Marketing Specialist,marketing,19,36,graduate_beginner,beginner
12th,Arts,school_student,0,False,Software Engineer,software_engineering,12,9,school_explorer,beginner
BCom,Arts,graduate,1,False,Data Scientist,data_science,11,9,graduate_beginner,intermediate
BCA,Science,college_student,0,False,HR Manager,hr_management,15,24,college_beginner,beginner
12th,Engineering,school_student,0,False,Digital Marketing Specialist,marketing,11,12,school_explorer,beginner
BBA,Arts,college_student,0,False,UI UX Designer,design,20,24,college_beginner,beginner
BBA,Science,graduate,1,True,Software Engineer,software_engineering,8,9,graduate_beginner,intermediate
BSc,Engineering,graduate,1,False,Product Manager,product_management,8,24,graduate_beginner,intermediate
BBA,Arts,college_student,0,False,Product Designer,design,12,12,college_beginner,beginner
BCA,Science,graduate,0,True,Machine Learning Engineer,data_science,6,12,graduate_beginner,beginner
12th,Management,school_student,0,False,Marketing Manager,marketing,19,3,school_explorer,beginner
BTech,Management,graduate,0,False,Business Analyst,business_analysis,7,6,graduate_beginner,beginner
BBA,Computer Science,working_professional,6,True,Business Analyst,business_analysis,8,36,career_switcher,intermediate
BBA,Science,college_student,0,False,HR Manager,hr_management,17,9,college_beginner,beginner
BCom,Management,college_student,0,False,Talent Acquisition Specialist,hr_management,16,24,college_beginner,beginner
BA,Computer Science,working_professional,1,False,Software Engineer,software_engineering,9,24,working_beginner,beginner
BTech,Science,college_student,0,False,UI UX Designer,design,10,6,college_beginner,beginner
BTech,Science,college_student,1,True,Software Engineer,software_engineering,12,6,college_developer,intermediate
BTech,Science,graduate,1,False,Software Engineer,software_engineering,19,9,graduate_beginner,intermediate
BTech,Commerce,graduate,0,False,Product Manager,product_management,9,6,graduate_beginner,beginner
BCA,Arts,college_student,0,False,Marketing Manager,marketing,3,18,college_beginner,beginner
12th,Science,school_student,0,False,UI UX Designer,design,11,36,school_explorer,beginner
10th,Management,school_student,0,False,UI UX Designer,design,3,3,school_explorer,foundation
BA,Computer Science,working_professional,9,True,Digital Marketing Specialist,marketing,18,24,career_switcher,intermediate
12th,Engineering,school_student,0,False,Data Analyst,data_science,6,24,school_explorer,foundation
BCom,Management,college_student,0,True,Software Engineer,software_engineering,6,9,college_beginner,beginner
BSc,Computer Science,college_student,0,False,Product Manager,product_management,11,36,college_beginner,beginner
BCom,Science,working_professional,3,True,HR Manager,hr_management,20,12,career_switcher,beginner
BBA,Computer Science,graduate,0,False,HR Manager,hr_management,5,3,graduate_beginner,beginner
BTech,Computer Science,college_student,0,False,Product Designer,design,6,9,college_beginner,beginner
BTech,Science,graduate,0,True,HR Executive,hr_management,8,36,graduate_beginner,beginner
BTech,Science,graduate,1,False,HR Executive,hr_management,6,36,graduate_beginner,intermediate
BA,Arts,college_student,0,False,Data Scientist,data_science,14,12,college_beginner,beginner
12th,Engineering,school_student,0,True,Business Analyst,business_analysis,13,6,school_explorer,beginner
BTech,Computer Science,graduate,1,False,Business Analyst,business_analysis,18,36,graduate_beginner,intermediate
BA,Arts,college_student,0,False,Business Analyst,business_analysis,8,3,college_beginner,beginner
BBA,Computer Science,working_professional,10,True,Data Analyst,data_science,14,18,career_switcher,intermediate
BCom,Humanities,college_student,1,True,HR Executive,hr_management,16,12,college_developer,intermediate
BA,Engineering,graduate,1,False,Business Analyst,business_analysis,19,36,graduate_beginner,intermediate
BA,Management,college_student,0,False,Software Engineer,software_engineering,19,24,college_beginner,beginner
BCom,Computer Science,college_student,0,False,UI UX Designer,design,15,6,college_beginner,beginner
10th,Management,school_student,0,False,UI UX Designer,design,8,18,school_explorer,beginner
BTech,Humanities,college_student,1,False,Data Scientist,data_science,10,9,college_developer,intermediate
BSc,Management,college_student,1,False,Data Analyst,data_science,10,3,college_developer,intermediate
12th,Computer Science,school_student,0,False,Machine Learning Engineer,data_science,13,3,school_explorer,beginner
10th,Engineering,school_student,0,False,Data Analyst,data_science,16,3,school_explorer,beginner
12th,Humanities,school_student,0,False,Software Engineer,software_engineering,20,6,school_explorer,beginner
BA,Science,graduate,0,False,Business Analyst,business_analysis,17,9,graduate_beginner,beginner
MBA,Management,working_professional,6,True,Product Designer,design,17,3,career_switcher,intermediate
12th,Commerce,school_student,0,False,Data Scientist,data_science,12,18,school_explorer,beginner
10th,Arts,school_student,0,False,Machine Learning Engineer,data_science,7,36,school_explorer,beginner
12th,Computer Science,school_student,0,False,Full Stack Developer,software_engineering,9,6,school_explorer,beginner
MCA,Commerce,working_professional,4,False,Product Designer,design,13,3,working_beginner,intermediate
12th,Engineering,school_student,0,False,Machine Learning Engineer,data_science,19,6,school_explorer,beginner
12th,Management,school_student,0,False,Business Analyst,business_analysis,18,18,school_explorer,beginner
BA,Engineering,college_student,0,False,HR Executive,hr_management,15,24,college_beginner,beginner
BTech,Management,working_professional,10,False,Product Designer,design,10,9,career_advancer,intermediate
MCA,Science,working_professional,3,False,Talent Acquisition Specialist,hr_management,16,18,working_beginner,intermediate
BSc,Management,graduate,1,False,Software Engineer,software_engineering,9,6,graduate_beginner,intermediate
BSc,Science,graduate,0,False,Product Designer,design,8,18,graduate_beginner,beginner
12th,Science,school_student,0,False,Software Engineer,software_engineering,18,18,school_explorer,beginner
MBA,Engineering,working_professional,9,True,Digital Marketing Specialist,marketing,16,36,career_switcher,intermediate
12th,Arts,school_student,0,True,Talent Acquisition Specialist,hr_management,4,24,school_explorer,foundation
BBA,Humanities,college_student,0,False,Talent Acquisition Specialist,hr_management,4,24,college_beginner,beginner
12th,Humanities,school_student,0,False,Business Analyst,business_analysis,17,3,school_explorer,beginner
BA,Engineering,college_student,1,False,Marketing Manager,marketing,19,36,college_developer,intermediate
12th,Science,school_student,0,False,Data Analyst,data_science,16,36,school_explorer,beginner
10th,Management,school_student,0,False,Product Designer,design,11,6,school_explorer,beginner
BA,Humanities,college_student,0,False,Product Manager,product_management,20,24,college_beginner,beginner
BTech,Commerce,graduate,0,False,UI UX Designer,design,5,6,graduate_beginner,beginner
12th,Management,school_student,0,False,HR Manager,hr_management,16,9,school_explorer,beginner
BA,Commerce,graduate,0,False,Machine Learning Engineer,data_science,7,3,graduate_beginner,beginner
12th,Management,school_student,0,True,Machine Learning Engineer,data_science,20,9,school_explorer,beginner
BCA,Science,college_student,0,False,Product Manager,product_management,19,6,college_beginner,beginner
12th,Computer Science,school_student,0,False,Marketing Manager,marketing,9,24,school_explorer,beginner
BSc,Science,college_student,1,False,Software Engineer,software_engineering,3,3,college_developer,intermediate
BTech,Commerce,college_student,0,False,Data Analyst,data_science,6,12,college_beginner,beginner
12th,Science,school_student,0,False,Software Engineer,software_engineering,19,12,school_explorer,beginner
BBA,Engineering,college_student,0,False,HR Executive,hr_management,8,36,college_beginner,beginner
10th,Engineering,school_student,0,False,UI UX Designer,design,9,36,school_explorer,beginner
MBA,Commerce,working_professional,2,False,Product Designer,design,7,3,working_beginner,intermediate
10th,Science,school_student,0,False,HR Executive,hr_management,4,6,school_explorer,foundation
BBA,Arts,college_student,1,False,Data Analyst,data_science,17,24,college_developer,intermediate
MBA,Arts,working_professional,2,True,Software Engineer,software_engineering,3,24,career_switcher,beginner
10th,Management,school_student,0,False,Data Scientist,data_science,19,3,school_explorer,beginner
12th,Science,school_student,0,False,Product Manager,product_management,17,12,school_explorer,beginner
BBA,Arts,working_professional,9,False,Marketing Manager,marketing,7,24,career_advancer,intermediate
BBA,Science,college_student,0,False,HR Manager,hr_management,20,36,college_beginner,beginner
12th,Arts,school_student,0,False,Software Engineer,software_engineering,20,3,school_explorer,beginner
BBA,Engineering,graduate,0,False,UI UX Designer,design,19,6,graduate_beginner,beginner
BBA,Management,graduate,0,False,Talent Acquisition Specialist,hr_management,4,36,graduate_beginner,beginner
12th,Computer Science,school_student,0,True,UI UX Designer,design,5,9,school_explorer,foundation
BCom,Management,working_professional,6,False,Talent Acquisition Specialist,hr_management,10,3,career_advancer,intermediate
BBA,Arts,college_student,1,False,Machine Learning Engineer,data_science,13,18,college_developer,intermediate
BSc,Management,college_student,0,False,Product Manager,product_management,13,12,college_beginner,beginner
BA,Commerce,college_student,1,False,Digital Marketing Specialist,marketing,14,6,college_developer,intermediate
BTech,Computer Science,working_professional,6,True,Product Manager,product_management,12,12,career_switcher,intermediate
12th,Engineering,school_student,0,False,Business Analyst,business_analysis,7,18,school_explorer,beginner
10th,Engineering,school_student,0,True,HR Manager,hr_management,19,24,school_explorer,beginner
MCA,Management,working_professional,10,False,Marketing Manager,marketing,4,18,career_advancer,intermediate
MBA,Management,working_professional,3,False,Data Scientist,data_science,15,6,working_beginner,intermediate
12th,Computer Science,school_student,0,False,Data Scientist,data_science,19,3,school_explorer,beginner
BSc,Engineering,college_student,0,False,Machine Learning Engineer,data_science,8,6,college_beginner,beginner
BA,Engineering,college_student,1,False,Data Scientist,data_science,4,6,college_developer,intermediate
BCom,Arts,graduate,0,False,HR Manager,hr_management,9,18,graduate_beginner,beginner
BTech,Computer Science,working_professional,1,False,HR Manager,hr_management,13,3,working_beginner,beginner
BCom,Science,college_student,1,False,Data Scientist,data_science,5,18,college_developer,intermediate
BCom,Management,working_professional,6,True,Machine Learning Engineer,data_science,18,18,career_switcher,intermediate
BBA,Commerce,working_professional,4,False,HR Executive,hr_management,19,24,working_beginner,intermediate
BCA,Commerce,college_student,0,False,Full Stack Developer,software_engineering,6,24,college_beginner,beginner
12th,Engineering,school_student,0,False,UI UX Designer,design,18,12,school_explorer,beginner
BA,Engineering,working_professional,4,True,HR Manager,hr_management,7,18,career_switcher,beginner
10th,Engineering,school_student,0,False,HR Manager,hr_management,8,9,school_explorer,beginner
12th,Computer Science,school_student,0,False,HR Executive,hr_management,9,12,school_explorer,beginner
BBA,Humanities,working_professional,4,True,Business Analyst,business_analysis,16,18,career_switcher,beginner
BSc,Humanities,college_student,0,False,Talent Acquisition Specialist,hr_management,13,12,college_beginner,beginner
BTech,Commerce,working_professional,3,False,HR Executive,hr_management,3,6,working_beginner,intermediate
10th,Management,school_student,0,False,Machine Learning Engineer,data_science,4,36,school_explorer,foundation
MBA,Arts,working_professional,3,True,Full Stack Developer,software_engineering,20,36,career_switcher,beginner
BCA,Engineering,working_professional,7,False,Data Scientist,data_science,4,24,career_advancer,intermediate
MCA,Humanities,working_professional,7,True,Data Scientist,data_science,6,12,career_switcher,intermediate
BTech,Computer Science,college_student,0,False,Full Stack Developer,software_engineering,20,12,college_beginner,beginner
10th,Engineering,school_student,0,False,Software Engineer,software_engineering,3,12,school_explorer,foundation
BTech,Humanities,graduate,0,False,HR Executive,hr_management,7,12,graduate_beginner,beginner
BCA,Science,working_professional,6,False,Full Stack Developer,software_engineering,11,24,career_advancer,intermediate
BBA,Computer Science,working_professional,6,False,Software Engineer,software_engineering,20,12,career_advancer,intermediate
BSc,Management,graduate,0,False,Product Designer,design,7,36,graduate_beginner,beginner
BCom,Engineering,college_student,0,False,HR Executive,hr_management,9,18,college_beginner,beginner
10th,Humanities,school_student,0,True,Data Analyst,data_science,3,36,school_explorer,foundation
BA,Computer Science,working_professional,2,True,Digital Marketing Specialist,marketing,10,9,career_switcher,beginner
BTech,Arts,working_professional,10,True,UI UX Designer,design,19,9,career_switcher,intermediate
BTech,Engineering,working_professional,1,True,Marketing Manager,marketing,19,9,career_switcher,beginner
BSc,Humanities,college_student,0,False,UI UX Designer,design,4,9,college_beginner,beginner
12th,Commerce,school_student,0,False,Product Manager,product_management,15,9,school_explorer,beginner
BSc,Management,college_student,0,False,Product Designer,design,5,3,college_beginner,beginner
BCom,Humanities,graduate,0,False,Marketing Manager,marketing,9,12,graduate_beginner,beginner
BBA,Arts,graduate,0,True,Software Engineer,software_engineering,6,18,graduate_beginner,beginner
12th,Science,school_student,0,False,Software Engineer,software_engineering,11,24,school_explorer,beginner
MCA,Management,working_professional,4,False,Product Manager,product_management,13,36,working_beginner,intermediate
12th,Computer Science,school_student,0,False,HR Executive,hr_management,11,3,school_explorer,beginner
BBA,Engineering,college_student,1,True,Data Scientist,data_science,19,18,college_developer,intermediate
BA,Commerce,graduate,0,False,UI UX Designer,design,13,3,graduate_beginner,beginner
BCom,Computer Science,graduate,0,False,Full Stack Developer,software_engineering,11,6,graduate_beginner,beginner
MBA,Commerce,working_professional,4,False,Marketing Manager,marketing,10,36,working_beginner,intermediate
BCA,Commerce,college_student,0,False,Talent Acquisition Specialist,hr_management,6,3,college_beginner,beginner
BCA,Engineering,working_professional,1,False,Product Manager,product_management,20,3,working_beginner,beginner
BTech,Management,graduate,1,False,Business Analyst,business_analysis,11,12,graduate_beginner,intermediate
BBA,Science,working_professional,10,False,Talent Acquisition Specialist,hr_management,4,18,career_advancer,intermediate
12th,Management,school_student,0,False,Data Analyst,data_science,8,12,school_explorer,beginner
BCom,Management,working_professional,1,True,HR Manager,hr_management,9,12,career_switcher,beginner
BBA,Science,graduate,1,False,Digital Marketing Specialist,marketing,10,9,graduate_beginner,intermediate
BBA,Science,graduate,0,False,Data Analyst,data_science,9,12,graduate_beginner,beginner
BCom,Science,working_professional,8,True,Talent Acquisition Specialist,hr_management,7,18,career_switcher,intermediate
BBA,Engineering,graduate,1,False,Data Analyst,data_science,15,6,graduate_beginner,intermediate
MCA,Commerce,working_professional,1,True,Talent Acquisition Specialist,hr_management,16,12,career_switcher,beginner
BTech,Management,graduate,0,False,Digital Marketing Specialist,marketing,20,36,graduate_beginner,beginner
BTech,Arts,college_student,0,False,Business Analyst,business_analysis,11,12,college_beginner,beginner
BCom,Computer Science,graduate,0,False,Data Scientist,data_science,20,18,graduate_beginner,beginner
12th,Science,school_student,0,False,HR Executive,hr_management,14,36,school_explorer,beginner
BBA,Commerce,college_student,0,False,Data Scientist,data_science,19,12,college_beginner,beginner
BCA,Arts,working_professional,5,True,Machine Learning Engineer,data_science,7,36,career_switcher,intermediate
BTech,Humanities,graduate,1,False,Full Stack Developer,software_engineering,15,36,graduate_beginner,intermediate
BBA,Commerce,graduate,0,False,Data Scientist,data_science,12,24,graduate_beginner,beginner
BTech,Computer Science,graduate,0,False,Product Designer,design,19,12,graduate_beginner,beginner
10th,Humanities,school_student,0,False,Product Designer,design,10,24,school_explorer,beginner
10th,Engineering,school_student,0,True,Talent Acquisition Specialist,hr_management,15,3,school_explorer,beginner
10th,Management,school_student,0,False,Product Manager,product_management,15,18,school_explorer,beginner
BCA,Arts,graduate,0,False,HR Executive,hr_management,15,9,graduate_beginner,beginner
MBA,Science,working_professional,3,True,Talent Acquisition Specialist,hr_management,19,36,career_switcher,beginner
BCom,Arts,graduate,0,False,Machine Learning Engineer,data_science,20,9,graduate_beginner,beginner
BSc,Engineering,college_student,1,False,UI UX Designer,design,16,18,college_developer,intermediate
BTech,Science,graduate,1,False,Marketing Manager,marketing,5,12,graduate_beginner,intermediate
BBA,Science,college_student,0,False,HR Manager,hr_management,19,36,college_beginner,beginner
BTech,Science,graduate,1,False,HR Manager,hr_management,18,36,graduate_beginner,intermediate
MCA,Humanities,working_professional,5,True,Full Stack Developer,software_engineering,10,36,career_switcher,intermediate
BCom,Science,college_student,1,False,Data Analyst,data_science,10,6,college_developer,intermediate
BBA,Computer Science,working_professional,5,True,HR Executive,hr_management,16,24,career_switcher,intermediate
BCom,Humanities,graduate,1,False,Product Designer,design,20,36,graduate_beginner,intermediate
10th,Humanities,school_student,0,False,Talent Acquisition Specialist,hr_management,12,3,school_explorer,beginner
BSc,Computer Science,graduate,1,True,Machine Learning Engineer,data_science,9,9,graduate_beginner,intermediate
10th,Management,school_student,0,False,HR Executive,hr_management,12,9,school_explorer,beginner
10th,Engineering,school_student,0,False,HR Executive,hr_management,7,3,school_explorer,beginner
BTech,Computer Science,graduate,0,True,Machine Learning Engineer,data_science,4,9,graduate_beginner,beginner
BTech,Arts,graduate,0,False,Software Engineer,software_engineering,18,6,graduate_beginner,beginner
MCA,Humanities,working_professional,1,False,HR Executive,hr_management,10,12,working_beginner,beginner
10th,Engineering,school_student,0,False,Machine Learning Engineer,data_science,6,18,school_explorer,foundation
MBA,Computer Science,working_professional,5,True,Data Scientist,data_science,8,24,career_switcher,intermediate
12th,Management,school_student,0,False,Machine Learning Engineer,data_science,12,6,school_explorer,beginner
BTech,Humanities,college_student,0,True,UI UX Designer,design,16,9,college_beginner,beginner
12th,Management,school_student,0,False,Product Manager,product_management,10,3,school_explorer,beginner
MBA,Humanities,working_professional,10,True,Talent Acquisition Specialist,hr_management,14,36,career_switcher,intermediate
BA,Commerce,working_professional,10,False,Data Scientist,data_science,4,3,career_advancer,intermediate
10th,Commerce,school_student,0,False,Machine Learning Engineer,data_science,10,9,school_explorer,beginner
BTech,Humanities,graduate,1,False,Marketing Manager,marketing,3,24,graduate_beginner,intermediate
BA,Commerce,graduate,0,False,Product Designer,design,17,18,graduate_beginner,beginner
BSc,Computer Science,college_student,0,False,Software Engineer,software_engineering,14,9,college_beginner,beginner
BTech,Humanities,college_student,0,False,Machine Learning Engineer,data_science,12,36,college_beginner,beginner
12th,Computer Science,school_student,0,False,Product Designer,design,8,3,school_explorer,beginner
BBA,Humanities,college_student,0,False,UI UX Designer,design,20,36,college_beginner,beginner
MCA,Engineering,working_professional,9,False,Talent Acquisition Specialist,hr_management,12,9,career_advancer,intermediate
10th,Science,school_student,0,False,Software Engineer,software_engineering,5,3,school_explorer,foundation
10th,Commerce,school_student,0,True,HR Executive,hr_management,18,6,school_explorer,beginner
MBA,Engineering,working_professional,8,False,Software Engineer,software_engineering,11,3,career_advancer,intermediate
10th,Management,school_student,0,True,Marketing Manager,marketing,18,36,school_explorer,beginner
BCA,Arts,graduate,1,False,Data Analyst,data_science,14,36,graduate_beginner,intermediate
10th,Science,school_student,0,False,Business Analyst,business_analysis,12,3,school_explorer,beginner
10th,Arts,school_student,0,False,Software Engineer,software_engineering,15,6,school_explorer,beginner
BSc,Commerce,college_student,1,False,Product Designer,design,6,36,college_developer,intermediate
MBA,Engineering,working_professional,7,True,HR Executive,hr_management,8,36,career_switcher,intermediate
BSc,Computer Science,graduate,0,False,Software Engineer,software_engineering,17,9,graduate_beginner,beginner
BTech,Science,graduate,1,False,Data Analyst,data_science,13,18,graduate_beginner,intermediate
MCA,Commerce,working_professional,9,False,Product Designer,design,11,9,career_advancer,intermediate
10th,Computer Science,school_student,0,False,Digital Marketing Specialist,marketing,3,18,school_explorer,foundation
BBA,Arts,graduate,0,False,Business Analyst,business_analysis,13,3,graduate_beginner,beginner
BCA,Humanities,graduate,1,True,Software Engineer,software_engineering,7,3,graduate_beginner,intermediate
BBA,Commerce,college_student,0,False,Full Stack Developer,software_engineering,10,6,college_beginner,beginner
BCA,Arts,working_professional,4,False,Product Designer,design,5,24,working_beginner,intermediate
MCA,Commerce,working_professional,10,False,Business Analyst,business_analysis,6,18,career_advancer,intermediate
BA,Engineering,working_professional,1,False,Product Manager,product_management,13,9,working_beginner,beginner
10th,Humanities,school_student,0,False,Product Designer,design,3,24,school_explorer,foundation
BCA,Arts,graduate,0,False,Data Scientist,data_science,20,18,graduate_beginner,beginner
BCA,Engineering,college_student,0,False,UI UX Designer,design,15,12,college_beginner,beginner
10th,Management,school_student,0,False,Data Analyst,data_science,12,36,school_explorer,beginner
12th,Science,school_student,0,False,Full Stack Developer,software_engineering,4,18,school_explorer,foundation
MCA,Computer Science,working_professional,3,True,Product Manager,product_management,7,12,career_switcher,beginner
BSc,Computer Science,college_student,0,False,Marketing Manager,marketing,5,9,college_beginner,beginner
10th,Engineering,school_student,0,False,UI UX Designer,design,16,12,school_explorer,beginner
BCA,Science,graduate,1,False,HR Manager,hr_management,12,6,graduate_beginner,intermediate
BCA,Humanities,working_professional,3,True,Machine Learning Engineer,data_science,4,36,career_switcher,beginner
BBA,Engineering,graduate,1,False,Business Analyst,business_analysis,5,3,graduate_beginner,intermediate
BBA,Management,college_student,0,False,Data Scientist,data_science,6,9,college_beginner,beginner
BA,Science,college_student,0,False,Marketing Manager,marketing,20,18,college_beginner,beginner
BA,Computer Science,college_student,0,False,Data Analyst,data_science,19,3,college_beginner,beginner
BA,Science,college_student,0,False,HR Manager,hr_management,17,24,college_beginner,beginner
BSc,Computer Science,graduate,1,False,Data Scientist,data_science,6,3,graduate_beginner,intermediate
BCom,Computer Science,college_student,0,False,Data Scientist,data_science,18,36,college_beginner,beginner
BSc,Commerce,college_student,1,False,Software Engineer,software_engineering,3,3,college_developer,intermediate
BTech,Science,graduate,0,False,Product Designer,design,8,3,graduate_beginner,beginner
BBA,Science,graduate,1,False,Digital Marketing Specialist,marketing,4,24,graduate_beginner,intermediate
12th,Humanities,school_student,0,False,Marketing Manager,marketing,7,9,school_explorer,beginner
12th,Commerce,school_student,0,False,Software Engineer,software_engineering,10,12,school_explorer,beginner
BCA,Computer Science,graduate,0,False,Machine Learning Engineer,data_science,20,6,graduate_beginner,beginner
BCA,Management,college_student,0,False,Product Designer,design,19,6,college_beginner,beginner
BBA,Engineering,college_student,0,True,Software Engineer,software_engineering,20,24,college_beginner,beginner
BA,Humanities,college_student,0,False,Product Manager,product_management,13,12,college_beginner,beginner
BBA,Computer Science,graduate,0,True,HR Executive,hr_management,7,6,graduate_beginner,beginner
BCA,Management,graduate,1,False,Full Stack Developer,software_engineering,10,18,graduate_beginner,intermediate
BA,Arts,graduate,1,False,Product Manager,product_management,18,6,graduate_beginner,intermediate
BBA,Computer Science,graduate,0,False,Machine Learning Engineer,data_science,18,6,graduate_beginner,beginner
MCA,Arts,working_professional,1,True,Digital Marketing Specialist,marketing,16,6,career_switcher,beginner
BCom,Arts,college_student,1,False,Product Designer,design,13,36,college_developer,intermediate
MCA,Computer Science,working_professional,1,False,Full Stack Developer,software_engineering,15,24,working_beginner,beginner
10th,Management,school_student,0,False,Machine Learning Engineer,data_science,17,36,school_explorer,beginner
MBA,Management,working_professional,1,True,Software Engineer,software_engineering,15,18,career_switcher,beginner
BTech,Science,working_professional,5,True,Product Manager,product_management,12,12,career_switcher,intermediate
10th,Science,school_student,0,False,Machine Learning Engineer,data_science,17,3,school_explorer,beginner
BCom,Commerce,college_student,1,False,Data Scientist,data_science,17,3,college_developer,intermediate
BCom,Engineering,college_student,0,False,Digital Marketing Specialist,marketing,13,24,college_beginner,beginner
BA,Humanities,college_student,0,False,HR Executive,hr_management,6,24,college_beginner,beginner
MBA,Arts,working_professional,9,False,Full Stack Developer,software_engineering,8,12,career_advancer,intermediate
BBA,Humanities,college_student,0,False,Talent Acquisition Specialist,hr_management,7,6,college_beginner,beginner
BCom,Computer Science,graduate,1,False,Product Manager,product_management,17,9,graduate_beginner,intermediate
BTech,Commerce,college_student,0,False,HR Manager,hr_management,17,12,college_beginner,beginner
12th,Humanities,school_student,0,False,Marketing Manager,marketing,9,18,school_explorer,beginner
BA,Computer Science,working_professional,10,False,Full Stack Developer,software_engineering,3,6,career_advancer,intermediate
BTech,Engineering,college_student,0,False,Talent Acquisition Specialist,hr_management,4,24,college_beginner,beginner
12th,Humanities,school_student,0,True,Data Scientist,data_science,5,3,school_explorer,foundation
BCA,Commerce,graduate,1,False,Product Designer,design,20,6,graduate_beginner,intermediate
BA,Management,graduate,0,False,Product Manager,product_management,12,9,graduate_beginner,beginner
12th,Humanities,school_student,0,False,Business Analyst,business_analysis,20,3,school_explorer,beginner
BCom,Arts,graduate,1,False,Data Analyst,data_science,19,6,graduate_beginner,intermediate
10th,Arts,school_student,0,False,Machine Learning Engineer,data_science,12,12,school_explorer,beginner
BBA,Science,graduate,1,False,Full Stack Developer,software_engineering,18,18,graduate_beginner,intermediate
BSc,Computer Science,college_student,0,True,Product Designer,design,12,6,college_beginner,beginner
10th,Computer Science,school_student,0,True,Product Manager,product_management,16,12,school_explorer,beginner
BTech,Management,college_student,0,False,Product Designer,design,12,9,college_beginner,beginner
BA,Science,graduate,0,False,UI UX Designer,design,13,9,graduate_beginner,beginner
10th,Management,school_student,0,False,Marketing Manager,marketing,13,36,school_explorer,beginner
MCA,Computer Science,working_professional,1,True,UI UX Designer,design,7,12,career_switcher,beginner
BTech,Computer Science,graduate,0,False,Product Designer,design,4,36,graduate_beginner,beginner
BCA,Engineering,graduate,1,False,HR Manager,hr_management,9,18,graduate_beginner,intermediate
BBA,Arts,college_student,0,False,Data Scientist,data_science,15,24,college_beginner,beginner
BBA,Management,working_professional,10,False,HR Executive,hr_management,12,24,career_advancer,intermediate
BTech,Arts,graduate,0,False,Machine Learning Engineer,data_science,10,9,graduate_beginner,beginner
BBA,Commerce,graduate,0,False,Data Scientist,data_science,4,36,graduate_beginner,beginner
12th,Computer Science,school_student,0,False,Software Engineer,software_engineering,7,6,school_explorer,beginner
BCom,Engineering,graduate,0,False,Product Manager,product_management,6,36,graduate_beginner,beginner
BCA,Engineering,college_student,0,False,Machine Learning Engineer,data_science,15,24,college_beginner,beginner
BA,Arts,graduate,1,False,Business Analyst,business_analysis,5,9,graduate_beginner,intermediate
BA,Arts,graduate,1,False,Product Manager,product_management,12,24,graduate_beginner,intermediate
BBA,Commerce,college_student,0,False,Software Engineer,software_engineering,13,36,college_beginner,beginner
BCA,Science,college_student,0,False,HR Executive,hr_management,3,18,college_beginner,beginner
BCA,Commerce,graduate,0,False,Digital Marketing Specialist,marketing,7,24,graduate_beginner,beginner
BTech,Commerce,college_student,0,False,Full Stack Developer,software_engineering,13,18,college_beginner,beginner
MBA,Arts,working_professional,1,True,HR Executive,hr_management,15,3,career_switcher,beginner
BA,Computer Science,college_student,1,False,Full Stack Developer,software_engineering,14,9,college_developer,intermediate
12th,Engineering,school_student,0,False,Full Stack Developer,software_engineering,7,3,school_explorer,beginner
12th,Computer Science,school_student,0,False,Digital Marketing Specialist,marketing,17,12,school_explorer,beginner
BCom,Commerce,graduate,0,False,Talent Acquisition Specialist,hr_management,13,36,graduate_beginner,beginner
BA,Computer Science,working_professional,2,False,Machine Learning Engineer,data_science,6,9,working_beginner,intermediate
BBA,Humanities,college_student,0,True,Full Stack Developer,software_engineering,7,18,college_beginner,beginner
12th,Humanities,school_student,0,False,Software Engineer,software_engineering,5,36,school_explorer,foundation
BBA,Computer Science,working_professional,10,False,Marketing Manager,marketing,20,6,career_advancer,intermediate
BBA,Arts,graduate,1,False,Full Stack Developer,software_engineering,16,36,graduate_beginner,intermediate
BCA,Humanities,graduate,1,False,Marketing Manager,marketing,8,24,graduate_beginner,intermediate
BA,Engineering,working_professional,10,True,Full Stack Developer,software_engineering,17,9,career_switcher,intermediate
BTech,Commerce,graduate,0,False,Full Stack Developer,software_engineering,6,24,graduate_beginner,beginner
MBA,Science,working_professional,1,True,HR Executive,hr_management,9,36,career_switcher,beginner
10th,Humanities,school_student,0,False,UI UX Designer,design,7,12,school_explorer,beginner
BBA,Management,working_professional,4,False,UI UX Designer,design,13,9,working_beginner,intermediate
BA,Engineering,graduate,1,False,HR Manager,hr_management,19,12,graduate_beginner,intermediate
BCA,Arts,graduate,0,False,HR Manager,hr_management,20,36,graduate_beginner,beginner
BA,Humanities,graduate,0,False,Data Analyst,data_science,15,24,graduate_beginner,beginner
BTech,Computer Science,working_professional,9,True,Marketing Manager,marketing,8,12,career_switcher,intermediate
MCA,Management,working_professional,6,False,Business Analyst,business_analysis,16,6,career_advancer,intermediate
BTech,Commerce,college_student,0,False,UI UX Designer,design,3,6,college_beginner,beginner
BBA,Engineering,working_professional,2,False,Talent Acquisition Specialist,hr_management,16,36,working_beginner,intermediate
BCA,Management,working_professional,3,False,Machine Learning Engineer,data_science,19,12,working_beginner,intermediate
BCA,Science,college_student,1,False,Full Stack Developer,software_engineering,3,18,college_developer,intermediate
BTech,Commerce,graduate,1,False,Full Stack Developer,software_engineering,14,3,graduate_beginner,intermediate
BA,Computer Science,graduate,1,False,Machine Learning Engineer,data_science,5,6,graduate_beginner,intermediate
BTech,Humanities,graduate,1,True,HR Executive,hr_management,19,18,graduate_beginner,intermediate
12th,Engineering,school_student,0,False,Full Stack Developer,software_engineering,4,9,school_explorer,foundation
BCA,Computer Science,working_professional,8,False,Full Stack Developer,software_engineering,13,12,career_advancer,intermediate
BTech,Science,college_student,0,False,Product Designer,design,11,3,college_beginner,beginner
12th,Commerce,school_student,0,False,Product Manager,product_management,3,9,school_explorer,foundation
12th,Management,school_student,0,False,Digital Marketing Specialist,marketing,7,18,school_explorer,beginner
10th,Arts,school_student,0,False,Full Stack Developer,software_engineering,7,24,school_explorer,beginner
BCom,Science,college_student,0,True,Product Manager,product_management,19,36,college_beginner,beginner
BCom,Commerce,college_student,1,False,Product Manager,product_management,15,6,college_developer,intermediate
BCA,Engineering,college_student,0,False,HR Manager,hr_management,11,36,college_beginner,beginner
BTech,Commerce,working_professional,8,True,Digital Marketing Specialist,marketing,18,24,career_switcher,intermediate
BTech,Engineering,working_professional,5,False,Talent Acquisition Specialist,hr_management,19,36,career_advancer,intermediate
BTech,Science,working_professional,6,False,Software Engineer,software_engineering,4,3,career_advancer,intermediate
BCom,Management,graduate,0,False,Digital Marketing Specialist,marketing,6,9,graduate_beginner,beginner
BA,Computer Science,college_student,0,False,Software Engineer,software_engineering,13,24,college_beginner,beginner
10th,Science,school_student,0,False,Business Analyst,business_analysis,5,3,school_explorer,foundation
BCom,Arts,working_professional,4,True,Product Designer,design,12,9,career_switcher,beginner
10th,Arts,school_student,0,False,Full Stack Developer,software_engineering,9,18,school_explorer,beginner
10th,Arts,school_student,0,False,Data Analyst,data_science,8,3,school_explorer,beginner
MBA,Science,working_professional,2,False,UI UX Designer,design,17,9,working_beginner,intermediate
BCom,Engineering,graduate,0,False,Product Manager,product_management,5,9,graduate_beginner,beginner
BA,Computer Science,graduate,0,False,Business Analyst,business_analysis,11,6,graduate_beginner,beginner
BBA,Commerce,working_professional,8,False,HR Executive,hr_management,7,18,career_advancer,intermediate
12th,Management,school_student,0,True,Product Designer,design,11,3,school_explorer,beginner
BTech,Management,graduate,0,False,Machine Learning Engineer,data_science,7,24,graduate_beginner,beginner
BCom,Engineering,working_professional,3,True,Product Designer,design,13,12,career_switcher,beginner
BTech,Engineering,working_professional,7,True,Data Analyst,data_science,5,18,career_switcher,intermediate
BA,Computer Science,working_professional,10,False,Software Engineer,software_engineering,14,9,career_advancer,intermediate
12th,Arts,school_student,0,False,Software Engineer,software_engineering,13,3,school_explorer,beginner
BCA,Engineering,college_student,0,False,Data Analyst,data_science,9,9,college_beginner,beginner
BTech,Engineering,graduate,0,False,UI UX Designer,design,17,24,graduate_beginner,beginner
10th,Commerce,school_student,0,False,Machine Learning Engineer,data_science,15,3,school_explorer,beginner
BCA,Science,working_professional,8,True,HR Manager,hr_management,4,9,career_switcher,intermediate
12th,Humanities,school_student,0,False,HR Executive,hr_management,9,36,school_explorer,beginner
BA,Computer Science,college_student,0,False,HR Executive,hr_management,4,24,college_beginner,beginner
BCA,Arts,working_professional,1,True,Marketing Manager,marketing,7,3,career_switcher,beginner
BA,Arts,graduate,0,False,Full Stack Developer,software_engineering,8,36,graduate_beginner,beginner
BCA,Arts,working_professional,10,True,Marketing Manager,marketing,5,36,career_switcher,intermediate
BCom,Science,working_professional,2,False,UI UX Designer,design,20,6,working_beginner,intermediate
10th,Humanities,school_student,0,False,Data Scientist,data_science,5,3,school_explorer,foundation
BCA,Commerce,graduate,0,True,Machine Learning Engineer,data_science,10,18,graduate_beginner,beginner
MCA,Humanities,working_professional,3,True,HR Manager,hr_management,18,3,career_switcher,beginner
12th,Commerce,school_student,0,False,Data Analyst,data_science,18,24,school_explorer,beginner
BCA,Engineering,graduate,0,False,Data Analyst,data_science,10,6,graduate_beginner,beginner
BA,Management,college_student,1,False,Full Stack Developer,software_engineering,5,24,college_developer,intermediate
BA,Science,working_professional,9,True,Marketing Manager,marketing,9,3,career_switcher,intermediate
BCom,Science,college_student,0,True,Digital Marketing Specialist,marketing,4,6,college_beginner,beginner
BTech,Engineering,working_professional,3,False,Talent Acquisition Specialist,hr_management,4,3,working_beginner,intermediate
BCom,Commerce,working_professional,6,True,Full Stack Developer,software_engineering,17,3,career_switcher,intermediate
BCA,Arts,college_student,0,True,Machine Learning Engineer,data_science,19,3,college_beginner,beginner
BCA,Engineering,working_professional,10,False,Data Scientist,data_science,16,6,career_advancer,intermediate
12th,Humanities,school_student,0,False,Marketing Manager,marketing,6,6,school_explorer,foundation
BTech,Computer Science,college_student,1,False,Full Stack Developer,software_engineering,18,3,college_developer,intermediate
BBA,Commerce,working_professional,7,True,Data Scientist,data_science,7,12,career_switcher,intermediate
BBA,Science,graduate,0,False,Talent Acquisition Specialist,hr_management,4,24,graduate_beginner,beginner
12th,Commerce,school_student,0,False,Machine Learning Engineer,data_science,16,6,school_explorer,beginner
BA,Science,college_student,0,False,Full Stack Developer,software_engineering,20,36,college_beginner,beginner
MCA,Humanities,working_professional,4,False,Full Stack Developer,software_engineering,18,36,working_beginner,intermediate
MBA,Arts,working_professional,4,True,Marketing Manager,marketing,13,12,career_switcher,beginner
12th,Commerce,school_student,0,False,HR Manager,hr_management,4,12,school_explorer,foundation
BCA,Arts,working_professional,7,False,Machine Learning Engineer,data_science,6,12,career_advancer,intermediate
12th,Arts,school_student,0,False,Marketing Manager,marketing,7,9,school_explorer,beginner
12th,Arts,school_student,0,False,UI UX Designer,design,12,6,school_explorer,beginner
12th,Engineering,school_student,0,False,Machine Learning Engineer,data_science,7,36,school_explorer,beginner
BSc,Humanities,graduate,0,False,Product Designer,design,3,36,graduate_beginner,beginner
BCA,Engineering,graduate,0,False,Digital Marketing Specialist,marketing,16,36,graduate_beginner,beginner
BA,Management,college_student,0,False,Full Stack Developer,software_engineering,13,24,college_beginner,beginner
BA,Engineering,graduate,0,False,Data Analyst,data_science,14,12,graduate_beginner,beginner
BA,Science,college_student,0,False,Software Engineer,software_engineering,9,6,college_beginner,beginner
12th,Management,school_student,0,False,Product Designer,design,9,36,school_explorer,beginner
BCom,Science,graduate,1,True,UI UX Designer,design,16,9,graduate_beginner,intermediate
BTech,Science,working_professional,9,False,Software Engineer,software_engineering,6,12,career_advancer,intermediate
BSc,Management,graduate,1,False,Product Manager,product_management,5,6,graduate_beginner,intermediate
12th,Arts,school_student,0,True,Talent Acquisition Specialist,hr_management,12,3,school_explorer,beginner
BCom,Arts,college_student,0,False,Business Analyst,business_analysis,9,18,college_beginner,beginner
MBA,Science,working_professional,9,False,Talent Acquisition Specialist,hr_management,18,9,career_advancer,intermediate
12th,Engineering,school_student,0,False,Marketing Manager,marketing,5,3,school_explorer,foundation
BTech,Humanities,graduate,1,False,Data Scientist,data_science,13,12,graduate_beginner,intermediate
BTech,Management,working_professional,5,False,Full Stack Developer,software_engineering,7,36,career_advancer,intermediate
BBA,Humanities,graduate,0,False,Data Scientist,data_science,12,36,graduate_beginner,beginner
BTech,Science,graduate,0,False,Full Stack Developer,software_engineering,8,24,graduate_beginner,beginner
BCA,Commerce,college_student,0,False,HR Executive,hr_management,4,9,college_beginner,beginner
BBA,Science,graduate,0,False,Software Engineer,software_engineering,4,24,graduate_beginner,beginner
BTech,Commerce,graduate,1,False,Talent Acquisition Specialist,hr_management,20,9,graduate_beginner,intermediate
MCA,Computer Science,working_professional,3,True,Machine Learning Engineer,data_science,13,6,career_switcher,beginner
BSc,Management,graduate,1,False,Digital Marketing Specialist,marketing,18,9,graduate_beginner,intermediate
BSc,Engineering,college_student,1,False,Data Scientist,data_science,6,24,college_developer,intermediate
12th,Commerce,school_student,0,False,HR Manager,hr_management,15,18,school_explorer,beginner
12th,Science,school_student,0,False,HR Manager,hr_management,9,18,school_explorer,beginner
10th,Commerce,school_student,0,False,Software Engineer,software_engineering,17,24,school_explorer,beginner
BBA,Management,working_professional,8,False,Data Scientist,data_science,19,3,career_advancer,intermediate
BCom,Commerce,working_professional,7,False,Data Scientist,data_science,3,9,career_advancer,intermediate
MCA,Science,working_professional,9,False,HR Executive,hr_management,9,24,career_advancer,intermediate
BCom,Computer Science,working_professional,3,False,Product Manager,product_management,16,24,working_beginner,intermediate
10th,Humanities,school_student,0,False,Marketing Manager,marketing,12,12,school_explorer,beginner
12th,Science,school_student,0,False,HR Executive,hr_management,3,12,school_explorer,foundation
BSc,Computer Science,college_student,1,False,Product Designer,design,7,6,college_developer,intermediate
BA,Science,working_professional,5,False,Business Analyst,business_analysis,12,12,career_advancer,intermediate
10th,Arts,school_student,0,False,Digital Marketing Specialist,marketing,12,24,school_explorer,beginner
BTech,Arts,graduate,0,True,Machine Learning Engineer,data_science,10,3,graduate_beginner,beginner
12th,Computer Science,school_student,0,False,Full Stack Developer,software_engineering,18,18,school_explorer,beginner
MBA,Engineering,working_professional,2,True,Data Scientist,data_science,19,24,career_switcher,beginner
10th,Commerce,school_student,0,False,Data Scientist,data_science,17,24,school_explorer,beginner
BCom,Arts,graduate,0,False,UI UX Designer,design,14,3,graduate_beginner,beginner
10th,Engineering,school_student,0,True,Product Manager,product_management,8,36,school_explorer,beginner
BCom,Management,graduate,1,False,Product Manager,product_management,12,9,graduate_beginner,intermediate
12th,Science,school_student,0,False,Business Analyst,business_analysis,7,3,school_explorer,beginner
BTech,Science,working_professional,6,True,Talent Acquisition Specialist,hr_management,6,6,career_switcher,intermediate
BSc,Commerce,college_student,0,True,Data Analyst,data_science,17,3,college_beginner,beginner
BCom,Arts,working_professional,5,False,Product Designer,design,14,6,career_advancer,intermediate
BBA,Management,graduate,1,False,Digital Marketing Specialist,marketing,3,24,graduate_beginner,intermediate
BA,Commerce,college_student,0,False,Digital Marketing Specialist,marketing,7,6,college_beginner,beginner
10th,Computer Science,school_student,0,False,HR Manager,hr_management,18,36,school_explorer,beginner
10th,Arts,school_student,0,True,Machine Learning Engineer,data_science,6,9,school_explorer,foundation
10th,Engineering,school_student,0,False,Product Manager,product_management,6,18,school_explorer,foundation
BA,Commerce,graduate,0,False,Talent Acquisition Specialist,hr_management,11,18,graduate_beginner,beginner
BSc,Humanities,college_student,0,False,HR Executive,hr_management,3,18,college_beginner,beginner
BSc,Science,college_student,0,False,Product Designer,design,6,6,college_beginner,beginner
BSc,Computer Science,graduate,1,False,Talent Acquisition Specialist,hr_management,17,24,graduate_beginner,intermediate
BTech,Humanities,graduate,0,False,Marketing Manager,marketing,19,6,graduate_beginner,beginner
BA,Arts,working_professional,9,False,Talent Acquisition Specialist,hr_management,18,36,career_advancer,intermediate
10th,Science,school_student,0,False,Data Scientist,data_science,18,3,school_explorer,beginner
BSc,Management,graduate,0,False,Marketing Manager,marketing,20,12,graduate_beginner,beginner
12th,Commerce,school_student,0,True,UI UX Designer,design,14,6,school_explorer,beginner
12th,Computer Science,school_student,0,False,Machine Learning Engineer,data_science,19,24,school_explorer,beginner
BTech,Commerce,working_professional,10,False,HR Executive,hr_management,8,3,career_advancer,intermediate
BSc,Science,college_student,1,False,HR Executive,hr_management,10,36,college_developer,intermediate
BSc,Science,graduate,0,False,Data Scientist,data_science,18,24,graduate_beginner,beginner
BBA,Computer Science,graduate,0,False,HR Executive,hr_management,6,9,graduate_beginner,beginner
BTech,Engineering,college_student,0,True,Product Designer,design,4,36,college_beginner,beginner
BCom,Arts,college_student,0,False,Talent Acquisition Specialist,hr_management,12,18,college_beginner,beginner
MCA,Engineering,working_professional,8,False,Marketing Manager,marketing,12,24,career_advancer,intermediate
BCA,Management,graduate,0,True,Product Manager,product_management,20,18,graduate_beginner,beginner
12th,Computer Science,school_student,0,False,Machine Learning Engineer,data_science,13,36,school_explorer,beginner
10th,Arts,school_student,0,False,Software Engineer,software_engineering,12,24,school_explorer,beginner
BSc,Commerce,graduate,0,False,Machine Learning Engineer,data_science,6,18,graduate_beginner,beginner
BTech,Management,working_professional,9,True,Business Analyst,business_analysis,8,18,career_switcher,intermediate
BCA,Science,working_professional,7,False,Full Stack Developer,software_engineering,14,36,career_advancer,intermediate
10th,Arts,school_student,0,False,Talent Acquisition Specialist,hr_management,14,9,school_explorer,beginner
BTech,Arts,graduate,0,False,Data Analyst,data_science,14,9,graduate_beginner,beginner
BCA,Engineering,college_student,0,True,UI UX Designer,design,12,18,college_beginner,beginner
BA,Arts,graduate,0,False,Talent Acquisition Specialist,hr_management,3,18,graduate_beginner,beginner
BCA,Engineering,working_professional,9,False,Data Analyst,data_science,11,3,career_advancer,intermediate
BTech,Arts,graduate,1,True,Data Analyst,data_science,13,18,graduate_beginner,intermediate
BBA,Arts,college_student,1,False,Software Engineer,software_engineering,13,6,college_developer,intermediate
BCom,Computer Science,college_student,0,False,Business Analyst,business_analysis,20,6,college_beginner,beginner
MCA,Science,working_professional,4,True,Full Stack Developer,software_engineering,5,24,career_switcher,beginner
BA,Science,graduate,1,False,Product Manager,product_management,19,12,graduate_beginner,intermediate
12th,Humanities,school_student,0,False,Software Engineer,software_engineering,12,12,school_explorer,beginner
BTech,Commerce,working_professional,5,True,Full Stack Developer,software_engineering,19,12,career_switcher,intermediate
BSc,Engineering,college_student,1,False,Marketing Manager,marketing,17,9,college_developer,intermediate
BCA,Humanities,working_professional,1,False,Software Engineer,software_engineering,9,9,working_beginner,beginner
BA,Commerce,college_student,0,False,Business Analyst,business_analysis,16,12,college_beginner,beginner
BCom,Engineering,college_student,0,False,Business Analyst,business_analysis,12,24,college_beginner,beginner
BCom,Management,college_student,0,True,HR Executive,hr_management,7,6,college_beginner,beginner
BCA,Computer Science,working_professional,7,True,Data Analyst,data_science,4,6,career_switcher,intermediate
12th,Commerce,school_student,0,False,Product Manager,product_management,11,24,school_explorer,beginner
12th,Humanities,school_student,0,False,Product Manager,product_management,3,3,school_explorer,foundation
BA,Science,graduate,0,False,Data Scientist,data_science,5,12,graduate_beginner,beginner
BCA,Humanities,college_student,0,False,Full Stack Developer,software_engineering,19,3,college_beginner,beginner
BTech,Humanities,graduate,0,False,Marketing Manager,marketing,6,36,graduate_beginner,beginner
MCA,Humanities,working_professional,4,True,Data Analyst,data_science,9,6,career_switcher,beginner
BTech,Commerce,graduate,0,False,Digital Marketing Specialist,marketing,4,12,graduate_beginner,beginner
BCA,Arts,graduate,0,False,Machine Learning Engineer,data_science,10,9,graduate_beginner,beginner
MBA,Science,working_professional,6,True,Business Analyst,business_analysis,12,3,career_switcher,intermediate
10th,Engineering,school_student,0,False,Digital Marketing Specialist,marketing,20,12,school_explorer,beginner
10th,Science,school_student,0,True,Business Analyst,business_analysis,17,12,school_explorer,beginner
BA,Science,graduate,0,False,Digital Marketing Specialist,marketing,9,36,graduate_beginner,beginner
BSc,Engineering,graduate,0,False,Product Manager,product_management,4,9,graduate_beginner,beginner
MCA,Computer Science,working_professional,6,True,Product Designer,design,16,36,career_switcher,intermediate
BCA,Engineering,graduate,0,False,Data Scientist,data_science,16,18,graduate_beginner,beginner
BTech,Engineering,graduate,1,False,HR Manager,hr_management,4,24,graduate_beginner,intermediate
BTech,Computer Science,college_student,1,False,Marketing Manager,marketing,12,9,college_developer,intermediate
BSc,Commerce,college_student,0,False,Business Analyst,business_analysis,16,36,college_beginner,beginner
BBA,Computer Science,college_student,0,False,UI UX Designer,design,13,36,college_beginner,beginner
BBA,Computer Science,graduate,0,False,Data Analyst,data_science,10,3,graduate_beginner,beginner
BTech,Engineering,college_student,1,False,Marketing Manager,marketing,11,24,college_developer,intermediate
BCA,Computer Science,working_professional,5,True,Talent Acquisition Specialist,hr_management,5,9,career_switcher,intermediate
12th,Arts,school_student,0,False,Product Manager,product_management,17,36,school_explorer,beginner
BCA,Commerce,college_student,0,False,Digital Marketing Specialist,marketing,18,12,college_beginner,beginner
BBA,Management,college_student,0,False,Data Analyst,data_science,8,12,college_beginner,beginner
BBA,Science,graduate,1,False,Machine Learning Engineer,data_science,10,9,graduate_beginner,intermediate
10th,Computer Science,school_student,0,False,Machine Learning Engineer,data_science,7,36,school_explorer,beginner
BA,Computer Science,college_student,1,False,Product Designer,design,16,24,college_developer,intermediate
10th,Arts,school_student,0,False,Data Scientist,data_science,10,12,school_explorer,beginner
10th,Engineering,school_student,0,False,Digital Marketing Specialist,marketing,19,18,school_explorer,beginner
BBA,Engineering,graduate,1,False,HR Manager,hr_management,8,9,graduate_beginner,intermediate
BBA,Science,working_professional,2,True,Data Scientist,data_science,19,12,career_switcher,beginner
BA,Arts,graduate,0,False,Machine Learning Engineer,data_science,11,24,graduate_beginner,beginner
BCA,Science,graduate,0,False,Software Engineer,software_engineering,13,12,graduate_beginner,beginner
MCA,Engineering,working_professional,3,True,Software Engineer,software_engineering,17,3,career_switcher,beginner
BCA,Arts,college_student,0,False,Machine Learning Engineer,data_science,11,6,college_beginner,beginner
BA,Arts,working_professional,8,False,Data Scientist,data_science,20,12,career_advancer,intermediate
BTech,Arts,college_student,0,False,HR Executive,hr_management,9,36,college_beginner,beginner
BCA,Engineering,graduate,1,False,Full Stack Developer,software_engineering,9,18,graduate_beginner,intermediate
BCom,Management,college_student,0,True,Marketing Manager,marketing,18,24,college_beginner,beginner
BSc,Arts,graduate,1,False,HR Executive,hr_management,15,9,graduate_beginner,intermediate
BBA,Humanities,graduate,0,False,HR Executive,hr_management,17,36,graduate_beginner,beginner
BCA,Computer Science,graduate,1,False,HR Manager,hr_management,13,3,graduate_beginner,intermediate
BCA,Science,college_student,0,False,Product Manager,product_management,12,9,college_beginner,beginner
BA,Arts,working_professional,7,False,Digital Marketing Specialist,marketing,8,6,career_advancer,intermediate
BCA,Arts,college_student,1,False,Product Manager,product_management,15,9,college_developer,intermediate
12th,Commerce,school_student,0,False,Machine Learning Engineer,data_science,16,24,school_explorer,beginner
BBA,Engineering,college_student,0,False,Business Analyst,business_analysis,14,18,college_beginner,beginner
BCom,Computer Science,working_professional,10,False,Full Stack Developer,software_engineering,16,3,career_advancer,intermediate
BCom,Management,college_student,1,False,HR Executive,hr_management,4,18,college_developer,intermediate
BA,Engineering,college_student,0,False,Machine Learning Engineer,data_science,19,24,college_beginner,beginner
BTech,Science,working_professional,2,True,Product Manager,product_management,18,9,career_switcher,beginner
BBA,Engineering,graduate,1,True,Data Analyst,data_science,12,18,graduate_beginner,intermediate
12th,Arts,school_student,0,False,Data Analyst,data_science,6,12,school_explorer,foundation
BCom,Humanities,graduate,0,False,Full Stack Developer,software_engineering,5,36,graduate_beginner,beginner
BBA,Engineering,working_professional,3,True,Business Analyst,business_analysis,15,3,career_switcher,beginner
BCom,Engineering,graduate,1,False,Product Designer,design,17,36,graduate_beginner,intermediate
BCom,Humanities,graduate,0,False,Marketing Manager,marketing,8,3,graduate_beginner,beginner
12th,Science,school_student,0,False,Software Engineer,software_engineering,3,3,school_explorer,foundation
BTech,Commerce,working_professional,7,False,Business Analyst,business_analysis,18,9,career_advancer,intermediate
MCA,Engineering,working_professional,5,True,HR Executive,hr_management,7,6,career_switcher,intermediate
10th,Arts,school_student,0,False,Business Analyst,business_analysis,3,6,school_explorer,foundation
BCom,Engineering,college_student,0,False,HR Executive,hr_management,12,36,college_beginner,beginner
10th,Computer Science,school_student,0,False,Talent Acquisition Specialist,hr_management,7,24,school_explorer,beginner
12th,Computer Science,school_student,0,False,Full Stack Developer,software_engineering,10,6,school_explorer,beginner
BA,Arts,graduate,0,False,UI UX Designer,design,16,12,graduate_beginner,beginner
BA,Management,graduate,0,False,Data Analyst,data_science,18,18,graduate_beginner,beginner
BBA,Engineering,working_professional,1,False,Software Engineer,software_engineering,3,12,working_beginner,beginner
BSc,Arts,graduate,0,False,Machine Learning Engineer,data_science,6,12,graduate_beginner,beginner
MBA,Science,working_professional,7,True,HR Manager,hr_management,8,9,career_switcher,intermediate
BBA,Science,working_professional,9,False,Marketing Manager,marketing,13,18,career_advancer,intermediate
BTech,Science,working_professional,6,True,Product Manager,product_management,18,36,career_switcher,intermediate
BSc,Commerce,graduate,1,False,HR Executive,hr_management,18,6,graduate_beginner,intermediate
BA,Management,working_professional,7,True,Machine Learning Engineer,data_science,12,6,career_switcher,intermediate
12th,Arts,school_student,0,False,Digital Marketing Specialist,marketing,14,24,school_explorer,beginner
12th,Arts,school_student,0,False,Data Analyst,data_science,6,18,school_explorer,foundation
BCom,Commerce,working_professional,6,True,Product Manager,product_management,14,36,career_switcher,intermediate
BA,Science,college_student,0,False,Product Designer,design,4,12,college_beginner,beginner
10th,Arts,school_student,0,False,Software Engineer,software_engineering,6,6,school_explorer,foundation
BA,Science,college_student,0,False,Product Designer,design,17,36,college_beginner,beginner
10th,Humanities,school_student,0,False,UI UX Designer,design,14,9,school_explorer,beginner
BCom,Humanities,college_student,1,False,Product Manager,product_management,3,6,college_developer,intermediate
BCA,Science,graduate,0,False,HR Executive,hr_management,11,9,graduate_beginner,beginner
BCA,Science,college_student,1,False,Product Manager,product_management,10,6,college_developer,intermediate
MCA,Computer Science,working_professional,9,False,Product Manager,product_management,14,3,career_advancer,intermediate
10th,Humanities,school_student,0,False,HR Executive,hr_management,13,9,school_explorer,beginner
12th,Computer Science,school_student,0,False,Product Manager,product_management,4,24,school_explorer,foundation
12th,Management,school_student,0,False,Data Analyst,data_science,15,24,school_explorer,beginner
BCom,Engineering,graduate,0,False,Business Analyst,business_analysis,11,18,graduate_beginner,beginner
BTech,Engineering,working_professional,4,False,Software Engineer,software_engineering,17,24,working_beginner,intermediate
BBA,Computer Science,college_student,0,False,HR Manager,hr_management,20,9,college_beginner,beginner
BSc,Engineering,college_student,0,False,Marketing Manager,marketing,5,18,college_beginner,beginner
BTech,Science,college_student,0,False,Product Manager,product_management,20,18,college_beginner,beginner
BCA,Engineering,working_professional,2,False,Product Designer,design,4,36,working_beginner,intermediate
BA,Engineering,graduate,0,False,Product Manager,product_management,6,12,graduate_beginner,beginner
BCom,Arts,working_professional,4,True,Product Manager,product_management,20,36,career_switcher,beginner
BSc,Science,graduate,1,False,Full Stack Developer,software_engineering,7,24,graduate_beginner,intermediate
12th,Commerce,school_student,0,False,Software Engineer,software_engineering,9,36,school_explorer,beginner
BA,Arts,college_student,1,True,Business Analyst,business_analysis,16,3,college_developer,intermediate
BBA,Commerce,working_professional,8,False,HR Executive,hr_management,14,24,career_advancer,intermediate
MCA,Management,working_professional,5,False,Full Stack Developer,software_engineering,18,24,career_advancer,intermediate
MBA,Engineering,working_professional,7,True,Business Analyst,business_analysis,8,6,career_switcher,intermediate
BBA,Engineering,working_professional,9,True,Business Analyst,business_analysis,19,3,career_switcher,intermediate
10th,Computer Science,school_student,0,False,Software Engineer,software_engineering,14,3,school_explorer,beginner
12th,Arts,school_student,0,False,Full Stack Developer,software_engineering,12,3,school_explorer,beginner
BCom,Science,graduate,0,False,Digital Marketing Specialist,marketing,18,3,graduate_beginner,beginner
BA,Humanities,working_professional,5,False,Digital Marketing Specialist,marketing,9,6,career_advancer,intermediate
BA,Arts,graduate,0,False,Data Analyst,data_science,18,18,graduate_beginner,beginner
BTech,Science,working_professional,10,False,Talent Acquisition Specialist,hr_management,7,18,career_advancer,intermediate
BBA,Engineering,working_professional,6,True,HR Executive,hr_management,16,12,career_switcher,intermediate
12th,Science,school_student,0,True,Product Designer,design,11,24,school_explorer,beginner
12th,Engineering,school_student,0,False,Software Engineer,software_engineering,6,24,school_explorer,foundation
10th,Management,school_student,0,False,Product Manager,product_management,18,18,school_explorer,beginner
BTech,Engineering,college_student,0,False,Product Manager,product_management,9,6,college_beginner,beginner
12th,Computer Science,school_student,0,False,Data Analyst,data_science,4,12,school_explorer,foundation
BBA,Science,working_professional,7,False,HR Manager,hr_management,19,9,career_advancer,intermediate
10th,Arts,school_student,0,False,Software Engineer,software_engineering,8,9,school_explorer,beginner
10th,Humanities,school_student,0,False,Digital Marketing Specialist,marketing,16,24,school_explorer,beginner
BTech,Science,college_student,0,False,Digital Marketing Specialist,marketing,15,3,college_beginner,beginner
BTech,Science,graduate,0,False,HR Manager,hr_management,9,6,graduate_beginner,beginner
BCA,Commerce,working_professional,9,True,Data Analyst,data_science,6,9,career_switcher,intermediate
BA,Computer Science,working_professional,8,True,HR Manager,hr_management,16,24,career_switcher,intermediate
10th,Science,school_student,0,False,Product Manager,product_management,20,24,school_explorer,beginner
BTech,Management,working_professional,2,True,Business Analyst,business_analysis,19,6,career_switcher,beginner
BCA,Management,college_student,1,True,Software Engineer,software_engineering,17,3,college_developer,intermediate
BSc,Humanities,graduate,0,False,HR Manager,hr_management,4,12,graduate_beginner,beginner
BCom,Humanities,working_professional,4,True,Full Stack Developer,software_engineering,19,9,career_switcher,beginner
12th,Engineering,school_student,0,False,HR Executive,hr_management,15,24,school_explorer,beginner
BTech,Engineering,graduate,0,False,Full Stack Developer,software_engineering,19,36,graduate_beginner,beginner
BSc,Science,graduate,0,False,Digital Marketing Specialist,marketing,10,24,graduate_beginner,beginner
BCA,Commerce,working_professional,6,True,HR Manager,hr_management,7,24,career_switcher,intermediate
10th,Computer Science,school_student,0,False,UI UX Designer,design,8,12,school_explorer,beginner
MCA,Engineering,working_professional,7,True,Software Engineer,software_engineering,5,36,career_switcher,intermediate
MBA,Arts,working_professional,2,False,Data Scientist,data_science,15,36,working_beginner,intermediate
10th,Commerce,school_student,0,False,Machine Learning Engineer,data_science,14,6,school_explorer,beginner
12th,Engineering,school_student,0,True,UI UX Designer,design,14,6,school_explorer,beginner
BSc,Engineering,graduate,0,True,Marketing Manager,marketing,18,9,graduate_beginner,beginner
BTech,Engineering,college_student,0,False,Business Analyst,business_analysis,15,3,college_beginner,beginner
BBA,Management,working_professional,9,True,Marketing Manager,marketing,8,3,career_switcher,intermediate
BBA,Arts,college_student,0,False,Software Engineer,software_engineering,11,6,college_beginner,beginner
BSc,Engineering,graduate,1,False,Machine Learning Engineer,data_science,3,12,graduate_beginner,intermediate
BTech,Arts,graduate,0,False,Digital Marketing Specialist,marketing,6,24,graduate_beginner,beginner
10th,Science,school_student,0,False,HR Manager,hr_management,11,12,school_explorer,beginner
BBA,Arts,working_professional,6,True,HR Executive,hr_management,3,24,career_switcher,intermediate
10th,Computer Science,school_student,0,False,Marketing Manager,marketing,8,9,school_explorer,beginner
10th,Engineering,school_student,0,True,Machine Learning Engineer,data_science,16,36,school_explorer,beginner
BBA,Science,graduate,0,False,Machine Learning Engineer,data_science,10,9,graduate_beginner,beginner
BTech,Management,college_student,1,False,Product Manager,product_management,6,24,college_developer,intermediate
10th,Arts,school_student,0,False,Data Analyst,data_science,13,36,school_explorer,beginner
BA,Arts,working_professional,5,True,Full Stack Developer,software_engineering,16,3,career_switcher,intermediate
12th,Arts,school_student,0,True,Business Analyst,business_analysis,15,12,school_explorer,beginner
12th,Commerce,school_student,0,False,Data Analyst,data_science,17,36,school_explorer,beginner
12th,Management,school_student,0,False,UI UX Designer,design,3,12,school_explorer,foundation
10th,Commerce,school_student,0,False,HR Manager,hr_management,5,18,school_explorer,foundation
BA,Management,college_student,0,False,Data Scientist,data_science,16,12,college_beginner,beginner
BCA,Commerce,college_student,0,False,HR Manager,hr_management,7,9,college_beginner,beginner
BCom,Engineering,graduate,1,False,Software Engineer,software_engineering,7,6,graduate_beginner,intermediate
BCom,Science,graduate,0,False,Software Engineer,software_engineering,7,3,graduate_beginner,beginner
12th,Humanities,school_student,0,False,Data Scientist,data_science,9,6,school_explorer,beginner
12th,Humanities,school_student,0,False,Marketing Manager,marketing,18,24,school_explorer,beginner
BCA,Management,graduate,1,False,Data Scientist,data_science,12,12,graduate_beginner,intermediate
12th,Computer Science,school_student,0,False,Marketing Manager,marketing,3,24,school_explorer,foundation
BCA,Computer Science,college_student,1,False,Product Designer,design,13,36,college_developer,intermediate
BTech,Computer Science,college_student,0,True,HR Manager,hr_management,5,9,college_beginner,beginner
BTech,Commerce,graduate,0,False,UI UX Designer,design,14,3,graduate_beginner,beginner
BBA,Commerce,graduate,0,False,Digital Marketing Specialist,marketing,8,9,graduate_beginner,beginner
BTech,Commerce,college_student,0,True,Business Analyst,business_analysis,11,3,college_beginner,beginner
MBA,Commerce,working_professional,2,False,Data Scientist,data_science,9,9,working_beginner,intermediate
BSc,Science,graduate,0,True,Software Engineer,software_engineering,16,24,graduate_beginner,beginner
BCA,Commerce,college_student,1,False,Product Designer,design,14,9,college_developer,intermediate
10th,Commerce,school_student,0,False,Business Analyst,business_analysis,20,9,school_explorer,beginner
12th,Commerce,school_student,0,False,Business Analyst,business_analysis,7,36,school_explorer,beginner
BA,Computer Science,college_student,0,False,Product Manager,product_management,18,36,college_beginner,beginner
MCA,Commerce,working_professional,9,False,Data Scientist,data_science,18,18,career_advancer,intermediate
BCA,Science,graduate,1,False,Machine Learning Engineer,data_science,18,12,graduate_beginner,intermediate
10th,Engineering,school_student,0,False,Marketing Manager,marketing,9,12,school_explorer,beginner
BTech,Commerce,graduate,0,False,Full Stack Developer,software_engineering,8,36,graduate_beginner,beginner
BTech,Arts,college_student,0,False,Machine Learning Engineer,data_science,19,9,college_beginner,beginner
BTech,Computer Science,graduate,0,False,Machine Learning Engineer,data_science,16,12,graduate_beginner,beginner
BTech,Science,graduate,0,False,Talent Acquisition Specialist,hr_management,17,6,graduate_beginner,beginner
12th,Science,school_student,0,False,Business Analyst,business_analysis,19,18,school_explorer,beginner
BBA,Humanities,graduate,0,True,HR Executive,hr_management,5,9,graduate_beginner,beginner
BA,Science,college_student,0,False,Digital Marketing Specialist,marketing,12,24,college_beginner,beginner
BBA,Humanities,graduate,1,False,Full Stack Developer,software_engineering,7,36,graduate_beginner,intermediate
BA,Management,graduate,0,False,Digital Marketing Specialist,marketing,14,36,graduate_beginner,beginner
12th,Humanities,school_student,0,False,UI UX Designer,design,19,36,school_explorer,beginner
BA,Commerce,college_student,0,False,Machine Learning Engineer,data_science,10,18,college_beginner,beginner
MBA,Humanities,working_professional,8,True,Data Scientist,data_science,5,9,career_switcher,intermediate
BBA,Humanities,working_professional,8,False,Machine Learning Engineer,data_science,20,3,career_advancer,intermediate
BBA,Management,college_student,0,False,Machine Learning Engineer,data_science,14,9,college_beginner,beginner
MCA,Engineering,working_professional,9,True,Digital Marketing Specialist,marketing,13,18,career_switcher,intermediate
10th,Humanities,school_student,0,False,Talent Acquisition Specialist,hr_management,13,18,school_explorer,beginner
BTech,Management,working_professional,4,False,Data Analyst,data_science,5,18,working_beginner,intermediate
12th,Computer Science,school_student,0,False,Full Stack Developer,software_engineering,17,24,school_explorer,beginner
10th,Commerce,school_student,0,False,HR Manager,hr_management,18,3,school_explorer,beginner
BBA,Computer Science,graduate,0,False,Digital Marketing Specialist,marketing,19,3,graduate_beginner,beginner
10th,Management,school_student,0,False,Data Scientist,data_science,16,12,school_explorer,beginner
BTech,Commerce,working_professional,2,True,Data Analyst,data_science,9,6,career_switcher,beginner
BBA,Computer Science,working_professional,10,True,Full Stack Developer,software_engineering,12,18,career_switcher,intermediate
BCom,Engineering,working_professional,4,True,HR Manager,hr_management,7,12,career_switcher,beginner
BSc,Management,college_student,0,False,Full Stack Developer,software_engineering,18,12,college_beginner,beginner
12th,Engineering,school_student,0,False,UI UX Designer,design,17,9,school_explorer,beginner
BTech,Humanities,graduate,1,False,Business Analyst,business_analysis,8,12,graduate_beginner,intermediate
BTech,Engineering,working_professional,7,True,UI UX Designer,design,8,24,career_switcher,intermediate
10th,Engineering,school_student,0,False,Business Analyst,business_analysis,8,9,school_explorer,beginner
10th,Science,school_student,0,False,Machine Learning Engineer,data_science,16,36,school_explorer,beginner
12th,Arts,school_student,0,False,Data Analyst,data_science,17,6,school_explorer,beginner
BA,Arts,working_professional,2,False,UI UX Designer,design,17,12,working_beginner,intermediate
BCom,Computer Science,college_student,0,False,HR Manager,hr_management,11,3,college_beginner,beginner
BTech,Science,working_professional,8,True,HR Executive,hr_management,5,18,career_switcher,intermediate
BCom,Computer Science,college_student,0,False,Business Analyst,business_analysis,8,6,college_beginner,beginner
BBA,Arts,college_student,0,True,Software Engineer,software_engineering,15,6,college_beginner,beginner
BBA,Engineering,graduate,0,False,Data Scientist,data_science,8,6,graduate_beginner,beginner
BCom,Management,college_student,0,False,Business Analyst,business_analysis,19,24,college_beginner,beginner
MBA,Arts,working_professional,5,True,Machine Learning Engineer,data_science,4,18,career_switcher,intermediate
MCA,Humanities,working_professional,4,True,Marketing Manager,marketing,14,6,career_switcher,beginner
BA,Arts,working_professional,1,True,Data Scientist,data_science,9,24,career_switcher,beginner
BA,Arts,college_student,0,True,HR Manager,hr_management,16,18,college_beginner,beginner
BSc,Science,college_student,0,False,Software Engineer,software_engineering,15,12,college_beginner,beginner
BCom,Arts,graduate,0,False,HR Manager,hr_management,15,24,graduate_beginner,beginner
BBA,Commerce,working_professional,2,False,UI UX Designer,design,11,24,working_beginner,intermediate
BCom,Arts,college_student,0,False,Product Manager,product_management,18,3,college_beginner,beginner
BA,Commerce,graduate,1,False,Data Scientist,data_science,15,24,graduate_beginner,intermediate
BBA,Commerce,graduate,1,False,Product Manager,product_management,13,36,graduate_beginner,intermediate
12th,Science,school_student,0,False,Data Analyst,data_science,19,24,school_explorer,beginner
10th,Management,school_student,0,False,HR Manager,hr_management,6,9,school_explorer,foundation
BSc,Humanities,college_student,0,False,HR Manager,hr_management,7,9,college_beginner,beginner
BBA,Commerce,working_professional,1,False,Marketing Manager,marketing,17,24,working_beginner,beginner
BSc,Science,graduate,0,False,Software Engineer,software_engineering,16,24,graduate_beginner,beginner
BCom,Commerce,graduate,0,False,Marketing Manager,marketing,20,3,graduate_beginner,beginner
BSc,Commerce,college_student,1,False,Software Engineer,software_engineering,13,6,college_developer,intermediate
BA,Arts,working_professional,4,True,HR Manager,hr_management,7,6,career_switcher,beginner
BCA,Commerce,college_student,0,False,Data Analyst,data_science,17,9,college_beginner,beginner
BBA,Commerce,working_professional,10,False,Marketing Manager,marketing,12,9,career_advancer,intermediate
BTech,Commerce,graduate,0,False,Data Scientist,data_science,15,12,graduate_beginner,beginner
MCA,Computer Science,working_professional,3,False,Business Analyst,business_analysis,18,3,working_beginner,intermediate
12th,Humanities,school_student,0,False,Full Stack Developer,software_engineering,20,6,school_explorer,beginner
BTech,Science,working_professional,5,False,Machine Learning Engineer,data_science,12,12,career_advancer,intermediate
BA,Science,college_student,1,True,Marketing Manager,marketing,7,6,college_developer,intermediate
BTech,Engineering,graduate,0,False,Data Analyst,data_science,15,24,graduate_beginner,beginner
12th,Science,school_student,0,False,HR Manager,hr_management,6,12,school_explorer,foundation
BCom,Commerce,working_professional,6,False,Software Engineer,software_engineering,18,24,career_advancer,intermediate
BTech,Arts,working_professional,4,False,Marketing Manager,marketing,18,3,working_beginner,intermediate
10th,Engineering,school_student,0,False,Digital Marketing Specialist,marketing,17,24,school_explorer,beginner
BTech,Management,college_student,0,False,Product Manager,product_management,5,24,college_beginner,beginner
10th,Computer Science,school_student,0,False,Data Analyst,data_science,8,36,school_explorer,beginner
BCA,Science,working_professional,5,True,Product Designer,design,16,36,career_switcher,intermediate
BBA,Engineering,graduate,0,False,Product Designer,design,9,24,graduate_beginner,beginner
BCom,Arts,college_student,0,False,HR Executive,hr_management,5,36,college_beginner,beginner
BSc,Computer Science,graduate,0,False,Talent Acquisition Specialist,hr_management,8,9,graduate_beginner,beginner
BBA,Commerce,working_professional,9,True,HR Executive,hr_management,17,18,career_switcher,intermediate
10th,Commerce,school_student,0,False,Product Manager,product_management,9,9,school_explorer,beginner
10th,Computer Science,school_student,0,False,HR Executive,hr_management,12,3,school_explorer,beginner
BA,Arts,graduate,1,False,Marketing Manager,marketing,18,12,graduate_beginner,intermediate
12th,Arts,school_student,0,False,Product Manager,product_management,3,24,school_explorer,foundation
BSc,Arts,college_student,0,False,Data Analyst,data_science,19,36,college_beginner,beginner
BCA,Computer Science,graduate,0,False,Data Scientist,data_science,14,24,graduate_beginner,beginner
BBA,Humanities,college_student,1,False,Data Analyst,data_science,4,9,college_developer,intermediate
MCA,Arts,working_professional,7,True,Product Designer,design,7,3,career_switcher,intermediate
BBA,Science,college_student,1,False,Full Stack Developer,software_engineering,18,18,college_developer,intermediate
BA,Arts,graduate,1,False,Data Scientist,data_science,4,36,graduate_beginner,intermediate
BSc,Computer Science,college_student,1,False,Data Analyst,data_science,5,9,college_developer,intermediate
12th,Engineering,school_student,0,False,Digital Marketing Specialist,marketing,9,24,school_explorer,beginner
10th,Management,school_student,0,False,Machine Learning Engineer,data_science,5,9,school_explorer,foundation
BBA,Humanities,working_professional,8,True,HR Executive,hr_management,18,24,career_switcher,intermediate
BA,Commerce,college_student,0,True,HR Executive,hr_management,16,24,college_beginner,beginner
BBA,Computer Science,graduate,1,False,Digital Marketing Specialist,marketing,18,24,graduate_beginner,intermediate
BA,Management,working_professional,6,True,Business Analyst,business_analysis,10,18,career_switcher,intermediate
MBA,Science,working_professional,7,False,UI UX Designer,design,20,36,career_advancer,intermediate
BA,Commerce,graduate,0,False,HR Executive,hr_management,6,3,graduate_beginner,beginner
12th,Commerce,school_student,0,False,Talent Acquisition Specialist,hr_management,13,12,school_explorer,beginner
10th,Science,school_student,0,False,Business Analyst,business_analysis,15,12,school_explorer,beginner
BSc,Humanities,college_student,0,False,HR Executive,hr_management,15,3,college_beginner,beginner
BBA,Science,college_student,0,False,Machine Learning Engineer,data_science,17,6,college_beginner,beginner
12th,Engineering,school_student,0,False,Digital Marketing Specialist,marketing,19,24,school_explorer,beginner
MBA,Management,working_professional,4,False,Machine Learning Engineer,data_science,12,24,working_beginner,intermediate
BBA,Humanities,graduate,1,False,Marketing Manager,marketing,10,24,graduate_beginner,intermediate
MBA,Humanities,working_professional,7,False,Digital Marketing Specialist,marketing,8,3,career_advancer,intermediate
BCom,Computer Science,working_professional,7,False,Data Analyst,data_science,5,18,career_advancer,intermediate
BA,Engineering,college_student,1,False,HR Executive,hr_management,7,9,college_developer,intermediate
12th,Humanities,school_student,0,False,Machine Learning Engineer,data_science,8,18,school_explorer,beginner
BBA,Computer Science,graduate,0,False,Marketing Manager,marketing,9,24,graduate_beginner,beginner
10th,Engineering,school_student,0,False,Data Analyst,data_science,16,24,school_explorer,beginner
BTech,Arts,graduate,0,False,HR Manager,hr_management,6,18,graduate_beginner,beginner
BA,Computer Science,college_student,1,False,Marketing Manager,marketing,4,3,college_developer,intermediate
BA,Science,college_student,1,False,Product Manager,product_management,5,36,college_developer,intermediate
BSc,Computer Science,graduate,1,False,Machine Learning Engineer,data_science,14,3,graduate_beginner,intermediate
MBA,Arts,working_professional,9,False,Marketing Manager,marketing,3,18,career_advancer,intermediate
10th,Engineering,school_student,0,False,Data Analyst,data_science,18,24,school_explorer,beginner
BTech,Management,college_student,0,False,HR Executive,hr_management,20,6,college_beginner,beginner
BCA,Arts,working_professional,9,True,Product Manager,product_management,19,12,career_switcher,intermediate
10th,Humanities,school_student,0,False,UI UX Designer,design,6,6,school_explorer,foundation
12th,Commerce,school_student,0,True,Product Manager,product_management,13,3,school_explorer,beginner
BTech,Commerce,college_student,0,False,Business Analyst,business_analysis,4,3,college_beginner,beginner
BCA,Science,graduate,0,False,Data Analyst,data_science,3,6,graduate_beginner,beginner
BSc,Humanities,graduate,1,False,Machine Learning Engineer,data_science,7,18,graduate_beginner,intermediate
BCA,Management,graduate,1,True,Software Engineer,software_engineering,9,24,graduate_beginner,intermediate
10th,Commerce,school_student,0,False,Talent Acquisition Specialist,hr_management,12,36,school_explorer,beginner
BSc,Management,college_student,0,False,Digital Marketing Specialist,marketing,7,24,college_beginner,beginner
BCom,Management,graduate,0,False,UI UX Designer,design,8,12,graduate_beginner,beginner
MBA,Engineering,working_professional,3,False,Software Engineer,software_engineering,9,3,working_beginner,intermediate
BA,Engineering,college_student,0,False,Full Stack Developer,software_engineering,19,18,college_beginner,beginner
BTech,Science,working_professional,1,False,Full Stack Developer,software_engineering,10,3,working_beginner,beginner
12th,Management,school_student,0,True,HR Executive,hr_management,13,24,school_explorer,beginner
BBA,Humanities,graduate,0,False,Digital Marketing Specialist,marketing,3,3,graduate_beginner,beginner
10th,Computer Science,school_student,0,False,Talent Acquisition Specialist,hr_management,19,24,school_explorer,beginner
BA,Humanities,working_professional,9,False,Data Scientist,data_science,12,18,career_advancer,intermediate
10th,Arts,school_student,0,False,Data Scientist,data_science,15,6,school_explorer,beginner
BTech,Engineering,working_professional,10,True,Talent Acquisition Specialist,hr_management,11,3,career_switcher,intermediate
BCom,Commerce,college_student,0,False,HR Manager,hr_management,14,24,college_beginner,beginner
MBA,Management,working_professional,8,False,Talent Acquisition Specialist,hr_management,17,9,career_advancer,intermediate
BTech,Science,graduate,1,False,Product Designer,design,10,9,graduate_beginner,intermediate
MCA,Science,working_professional,6,True,Business Analyst,business_analysis,5,24,career_switcher,intermediate
BTech,Engineering,college_student,0,False,Full Stack Developer,software_engineering,4,3,college_beginner,beginner
12th,Computer Science,school_student,0,False,UI UX Designer,design,19,24,school_explorer,beginner
12th,Management,school_student,0,False,HR Manager,hr_management,9,36,school_explorer,beginner
BBA,Computer Science,graduate,1,False,UI UX Designer,design,19,24,graduate_beginner,intermediate
BA,Computer Science,college_student,0,False,Talent Acquisition Specialist,hr_management,5,9,college_beginner,beginner
12th,Science,school_student,0,False,Machine Learning Engineer,data_science,15,6,school_explorer,beginner
BSc,Science,college_student,0,False,Digital Marketing Specialist,marketing,12,12,college_beginner,beginner
BBA,Arts,working_professional,5,True,UI UX Designer,design,19,36,career_switcher,intermediate
BA,Management,working_professional,6,False,HR Manager,hr_management,17,9,career_advancer,intermediate
12th,Arts,school_student,0,False,Product Designer,design,8,12,school_explorer,beginner
BBA,Computer Science,working_professional,2,False,Software Engineer,software_engineering,19,6,working_beginner,intermediate
10th,Computer Science,school_student,0,False,Product Manager,product_management,11,6,school_explorer,beginner
BTech,Science,graduate,0,False,Software Engineer,software_engineering,11,3,graduate_beginner,beginner
BBA,Humanities,working_professional,3,False,Data Scientist,data_science,16,3,working_beginner,intermediate
10th,Commerce,school_student,0,False,Digital Marketing Specialist,marketing,4,6,school_explorer,foundation
10th,Science,school_student,0,False,UI UX Designer,design,9,12,school_explorer,beginner
BTech,Arts,working_professional,9,False,Machine Learning Engineer,data_science,7,9,career_advancer,intermediate
BBA,Engineering,working_professional,2,True,HR Executive,hr_management,3,6,career_switcher,beginner
10th,Management,school_student,0,False,HR Manager,hr_management,13,12,school_explorer,beginner
BTech,Arts,working_professional,5,False,Digital Marketing Specialist,marketing,18,3,career_advancer,intermediate
BA,Management,college_student,0,True,Marketing Manager,marketing,11,36,college_beginner,beginner
BA,Engineering,college_student,1,False,Marketing Manager,marketing,18,24,college_developer,intermediate
BCA,Engineering,college_student,0,False,Marketing Manager,marketing,6,6,college_beginner,beginner
BCom,Commerce,college_student,0,False,Full Stack Developer,software_engineering,9,3,college_beginner,beginner
BSc,Computer Science,graduate,1,False,Marketing Manager,marketing,10,9,graduate_beginner,intermediate
MBA,Management,working_professional,1,False,Digital Marketing Specialist,marketing,6,9,working_beginner,beginner
BBA,Science,working_professional,6,True,HR Manager,hr_management,8,3,career_switcher,intermediate
BBA,Engineering,graduate,0,True,Machine Learning Engineer,data_science,11,18,graduate_beginner,beginner
BCom,Science,working_professional,6,True,Digital Marketing Specialist,marketing,6,3,career_switcher,intermediate
BBA,Management,college_student,0,False,Product Designer,design,14,24,college_beginner,beginner
BBA,Management,graduate,1,False,Digital Marketing Specialist,marketing,9,18,graduate_beginner,intermediate
10th,Commerce,school_student,0,False,Full Stack Developer,software_engineering,9,6,school_explorer,beginner
BCom,Arts,graduate,1,False,Machine Learning Engineer,data_science,9,18,graduate_beginner,intermediate
BCom,Commerce,college_student,0,False,Product Manager,product_management,20,9,college_beginner,beginner
12th,Engineering,school_student,0,False,HR Executive,hr_management,18,12,school_explorer,beginner
10th,Humanities,school_student,0,False,Full Stack Developer,software_engineering,11,24,school_explorer,beginner
10th,Arts,school_student,0,False,Product Designer,design,15,12,school_explorer,beginner
BCom,Arts,college_student,1,False,Software Engineer,software_engineering,15,12,college_developer,intermediate
10th,Commerce,school_student,0,False,Full Stack Developer,software_engineering,9,18,school_explorer,beginner
BCom,Computer Science,graduate,0,True,Digital Marketing Specialist,marketing,11,18,graduate_beginner,beginner
BBA,Arts,college_student,0,False,UI UX Designer,design,7,9,college_beginner,beginner
10th,Humanities,school_student,0,True,Business Analyst,business_analysis,9,18,school_explorer,beginner
BCom,Science,graduate,0,False,Product Designer,design,20,9,graduate_beginner,beginner
BCom,Management,graduate,0,False,UI UX Designer,design,3,36,graduate_beginner,beginner
BBA,Science,college_student,0,False,Software Engineer,software_engineering,6,24,college_beginner,beginner
BSc,Engineering,graduate,1,False,Full Stack Developer,software_engineering,20,6,graduate_beginner,intermediate
BBA,Science,graduate,1,False,UI UX Designer,design,15,6,graduate_beginner,intermediate
BCom,Engineering,working_professional,3,True,Machine Learning Engineer,data_science,5,12,career_switcher,beginner
BCA,Commerce,college_student,1,False,Product Designer,design,8,24,college_developer,intermediate
BCom,Commerce,college_student,0,False,HR Executive,hr_management,7,3,college_beginner,beginner
BA,Engineering,working_professional,9,True,Talent Acquisition Specialist,hr_management,3,18,career_switcher,intermediate
10th,Computer Science,school_student,0,False,Business Analyst,business_analysis,3,36,school_explorer,foundation
BTech,Commerce,college_student,0,False,Talent Acquisition Specialist,hr_management,3,36,college_beginner,beginner
BSc,Management,graduate,0,False,Marketing Manager,marketing,7,12,graduate_beginner,beginner
BBA,Humanities,college_student,0,True,Machine Learning Engineer,data_science,7,6,college_beginner,beginner
10th,Science,school_student,0,False,Business Analyst,business_analysis,4,3,school_explorer,foundation
BBA,Management,working_professional,1,False,Marketing Manager,marketing,3,6,working_beginner,beginner
BSc,Commerce,graduate,0,False,Marketing Manager,marketing,15,24,graduate_beginner,beginner
BTech,Computer Science,college_student,0,True,HR Executive,hr_management,12,9,college_beginner,beginner
BA,Arts,graduate,0,False,Full Stack Developer,software_engineering,7,6,graduate_beginner,beginner
BA,Management,college_student,1,False,Talent Acquisition Specialist,hr_management,12,18,college_developer,intermediate
BTech,Arts,graduate,1,False,Data Scientist,data_science,11,36,graduate_beginner,intermediate
10th,Humanities,school_student,0,False,Product Manager,product_management,7,9,school_explorer,beginner
MCA,Engineering,working_professional,2,False,HR Executive,hr_management,16,24,working_beginner,intermediate
BBA,Arts,graduate,0,False,Product Manager,product_management,15,9,graduate_beginner,beginner
BCA,Computer Science,working_professional,6,False,Talent Acquisition Specialist,hr_management,10,12,career_advancer,intermediate
BCA,Computer Science,working_professional,9,True,Business Analyst,business_analysis,10,12,career_switcher,intermediate
BCA,Engineering,working_professional,10,True,Product Manager,product_management,10,24,career_switcher,intermediate
10th,Science,school_student,0,False,Business Analyst,business_analysis,3,9,school_explorer,foundation
12th,Arts,school_student,0,False,Data Scientist,data_science,7,9,school_explorer,beginner
BCA,Computer Science,college_student,0,False,HR Manager,hr_management,7,3,college_beginner,beginner
MBA,Commerce,working_professional,1,True,Product Designer,design,16,9,career_switcher,beginner
12th,Arts,school_student,0,False,Business Analyst,business_analysis,8,3,school_explorer,beginner
BTech,Arts,college_student,0,False,Full Stack Developer,software_engineering,16,6,college_beginner,beginner
BA,Engineering,college_student,0,False,Machine Learning Engineer,data_science,16,24,college_beginner,beginner
12th,Engineering,school_student,0,False,HR Executive,hr_management,7,3,school_explorer,beginner
BSc,Management,college_student,0,False,HR Manager,hr_management,15,36,college_beginner,beginner
BCA,Management,graduate,1,False,Digital Marketing Specialist,marketing,10,12,graduate_beginner,intermediate
BBA,Arts,working_professional,4,False,Data Analyst,data_science,4,6,working_beginner,intermediate
12th,Humanities,school_student,0,False,Machine Learning Engineer,data_science,13,24,school_explorer,beginner
12th,Commerce,school_student,0,False,UI UX Designer,design,16,6,school_explorer,beginner
BCA,Arts,graduate,0,False,HR Manager,hr_management,10,9,graduate_beginner,beginner
BSc,Arts,college_student,0,False,Product Manager,product_management,12,6,college_beginner,beginner
BBA,Arts,college_student,0,False,Full Stack Developer,software_engineering,4,18,college_beginner,beginner
12th,Arts,school_student,0,False,HR Executive,hr_management,12,3,school_explorer,beginner
BBA,Computer Science,college_student,1,False,Product Designer,design,14,6,college_developer,intermediate
MBA,Science,working_professional,9,True,HR Executive,hr_management,19,36,career_switcher,intermediate
BTech,Management,working_professional,10,True,Business Analyst,business_analysis,4,9,career_switcher,intermediate
BA,Engineering,working_professional,2,True,Product Designer,design,10,6,career_switcher,beginner
BTech,Commerce,graduate,0,False,Data Scientist,data_science,12,9,graduate_beginner,beginner
BBA,Arts,working_professional,4,False,Full Stack Developer,software_engineering,5,6,working_beginner,intermediate
10th,Humanities,school_student,0,False,Product Manager,product_management,12,18,school_explorer,beginner
12th,Computer Science,school_student,0,False,Data Scientist,data_science,8,9,school_explorer,beginner
BCom,Management,graduate,0,False,HR Executive,hr_management,8,24,graduate_beginner,beginner
BTech,Computer Science,graduate,1,False,Talent Acquisition Specialist,hr_management,6,18,graduate_beginner,intermediate
BTech,Humanities,graduate,0,False,Business Analyst,business_analysis,7,12,graduate_beginner,beginner
BA,Science,graduate,1,False,Data Analyst,data_science,19,12,graduate_beginner,intermediate
10th,Arts,school_student,0,False,Product Designer,design,20,3,school_explorer,beginner
BBA,Science,working_professional,10,False,Data Analyst,data_science,5,6,career_advancer,intermediate
12th,Engineering,school_student,0,False,Machine Learning Engineer,data_science,17,24,school_explorer,beginner
10th,Arts,school_student,0,False,Product Designer,design,6,12,school_explorer,foundation
BA,Computer Science,graduate,0,False,Data Scientist,data_science,18,6,graduate_beginner,beginner
BTech,Arts,graduate,0,False,Software Engineer,software_engineering,7,12,graduate_beginner,beginner
12th,Science,school_student,0,False,HR Manager,hr_management,14,36,school_explorer,beginner
10th,Commerce,school_student,0,False,Business Analyst,business_analysis,3,36,school_explorer,foundation
BTech,Science,college_student,0,True,HR Executive,hr_management,11,12,college_beginner,beginner
BCA,Computer Science,working_professional,4,True,UI UX Designer,design,11,6,career_switcher,beginner
BCom,Computer Science,graduate,0,False,Marketing Manager,marketing,14,12,graduate_beginner,beginner
BA,Engineering,college_student,1,True,Data Scientist,data_science,15,36,college_developer,intermediate
10th,Commerce,school_student,0,False,Data Scientist,data_science,13,3,school_explorer,beginner
MCA,Commerce,working_professional,6,True,HR Executive,hr_management,16,9,career_switcher,intermediate
BA,Humanities,college_student,1,False,UI UX Designer,design,6,3,college_developer,intermediate
BSc,Computer Science,college_student,1,False,Marketing Manager,marketing,14,6,college_developer,intermediate
12th,Management,school_student,0,False,Business Analyst,business_analysis,14,3,school_explorer,beginner
12th,Management,school_student,0,False,UI UX Designer,design,17,12,school_explorer,beginner
BCA,Humanities,working_professional,6,False,HR Executive,hr_management,8,12,career_advancer,intermediate
BSc,Commerce,college_student,1,False,Data Analyst,data_science,12,36,college_developer,intermediate
BSc,Computer Science,graduate,1,False,Business Analyst,business_analysis,6,3,graduate_beginner,intermediate
12th,Arts,school_student,0,False,HR Executive,hr_management,18,24,school_explorer,beginner
BCA,Arts,working_professional,10,False,Product Manager,product_management,4,24,career_advancer,intermediate
BCom,Commerce,college_student,1,False,HR Executive,hr_management,9,36,college_developer,intermediate
BTech,Science,working_professional,7,True,HR Manager,hr_management,14,36,career_switcher,intermediate
BSc,Science,graduate,0,False,Digital Marketing Specialist,marketing,16,24,graduate_beginner,beginner
10th,Arts,school_student,0,False,Talent Acquisition Specialist,hr_management,14,36,school_explorer,beginner
BCom,Management,graduate,0,False,Full Stack Developer,software_engineering,16,6,graduate_beginner,beginner
MCA,Commerce,working_professional,1,False,Product Manager,product_management,16,6,working_beginner,beginner
BCom,Commerce,working_professional,9,True,Talent Acquisition Specialist,hr_management,16,6,career_switcher,intermediate
BSc,Humanities,college_student,0,False,UI UX Designer,design,15,36,college_beginner,beginner
BBA,Humanities,college_student,0,False,HR Executive,hr_management,5,3,college_beginner,beginner
BTech,Humanities,college_student,0,False,Full Stack Developer,software_engineering,15,3,college_beginner,beginner
BBA,Computer Science,graduate,0,False,UI UX Designer,design,10,9,graduate_beginner,beginner
MCA,Engineering,working_professional,5,True,UI UX Designer,design,4,9,career_switcher,intermediate
10th,Engineering,school_student,0,False,HR Executive,hr_management,17,18,school_explorer,beginner
BBA,Science,graduate,0,False,HR Executive,hr_management,18,36,graduate_beginner,beginner
12th,Computer Science,school_student,0,True,Product Manager,product_management,3,12,school_explorer,foundation
BA,Arts,college_student,1,False,Data Analyst,data_science,13,24,college_developer,intermediate
BA,Commerce,graduate,0,False,UI UX Designer,design,4,3,graduate_beginner,beginner
10th,Computer Science,school_student,0,False,Software Engineer,software_engineering,11,3,school_explorer,beginner
10th,Management,school_student,0,False,Marketing Manager,marketing,14,3,school_explorer,beginner
BCA,Science,college_student,0,False,Product Designer,design,7,9,college_beginner,beginner
BSc,Arts,graduate,1,False,UI UX Designer,design,12,12,graduate_beginner,intermediate
BBA,Computer Science,working_professional,5,False,Talent Acquisition Specialist,hr_management,9,24,career_advancer,intermediate
BBA,Arts,graduate,0,False,Product Designer,design,18,12,graduate_beginner,beginner
BCom,Management,graduate,1,False,HR Executive,hr_management,15,12,graduate_beginner,intermediate
12th,Science,school_student,0,False,Talent Acquisition Specialist,hr_management,4,18,school_explorer,foundation
BTech,Science,graduate,0,False,HR Executive,hr_management,8,36,graduate_beginner,beginner
BTech,Science,college_student,0,False,UI UX Designer,design,14,9,college_beginner,beginner
12th,Arts,school_student,0,False,Product Designer,design,3,24,school_explorer,foundation
BBA,Management,graduate,1,False,HR Executive,hr_management,15,9,graduate_beginner,intermediate
12th,Commerce,school_student,0,False,Product Designer,design,5,18,school_explorer,foundation
BCom,Engineering,working_professional,6,False,Marketing Manager,marketing,9,3,career_advancer,intermediate
BTech,Arts,graduate,0,False,HR Executive,hr_management,17,6,graduate_beginner,beginner
BSc,Computer Science,college_student,0,False,Digital Marketing Specialist,marketing,3,24,college_beginner,beginner
BCom,Arts,working_professional,3,True,Business Analyst,business_analysis,15,3,career_switcher,beginner
10th,Engineering,school_student,0,False,Machine Learning Engineer,data_science,6,36,school_explorer,foundation
BCom,Science,graduate,0,False,Data Analyst,data_science,5,18,graduate_beginner,beginner
12th,Management,school_student,0,False,Digital Marketing Specialist,marketing,17,12,school_explorer,beginner
BCA,Humanities,graduate,0,False,HR Manager,hr_management,10,3,graduate_beginner,beginner
BSc,Arts,graduate,1,True,Data Analyst,data_science,10,6,graduate_beginner,intermediate
BCA,Humanities,graduate,0,False,Product Designer,design,4,9,graduate_beginner,beginner
12th,Arts,school_student,0,False,HR Executive,hr_management,11,9,school_explorer,beginner
BCA,Science,college_student,1,False,HR Executive,hr_management,7,9,college_developer,intermediate
MBA,Humanities,working_professional,8,True,UI UX Designer,design,6,18,career_switcher,intermediate
BCom,Computer Science,working_professional,6,True,Product Manager,product_management,18,6,career_switcher,intermediate
BSc,Humanities,graduate,0,False,Data Scientist,data_science,20,36,graduate_beginner,beginner
BA,Engineering,college_student,0,False,HR Executive,hr_management,18,3,college_beginner,beginner
MCA,Commerce,working_professional,7,False,Marketing Manager,marketing,18,3,career_advancer,intermediate
BCom,Humanities,graduate,1,False,Machine Learning Engineer,data_science,7,36,graduate_beginner,intermediate
BTech,Commerce,graduate,0,False,Business Analyst,business_analysis,19,6,graduate_beginner,beginner
BTech,Arts,graduate,0,False,UI UX Designer,design,12,36,graduate_beginner,beginner
BA,Commerce,working_professional,2,True,Marketing Manager,marketing,3,12,career_switcher,beginner
MBA,Arts,working_professional,9,True,Machine Learning Engineer,data_science,14,9,career_switcher,intermediate
BTech,Arts,graduate,0,False,Talent Acquisition Specialist,hr_management,15,18,graduate_beginner,beginner
BCom,Arts,working_professional,6,False,HR Executive,hr_management,4,24,career_advancer,intermediate
BBA,Computer Science,college_student,0,False,Data Analyst,data_science,8,18,college_beginner,beginner
BA,Computer Science,working_professional,1,True,UI UX Designer,design,10,3,career_switcher,beginner
12th,Arts,school_student,0,True,Marketing Manager,marketing,5,18,school_explorer,foundation
BTech,Management,working_professional,7,False,HR Executive,hr_management,10,24,career_advancer,intermediate
BCA,Commerce,college_student,0,False,UI UX Designer,design,12,24,college_beginner,beginner
10th,Arts,school_student,0,False,Software Engineer,software_engineering,18,24,school_explorer,beginner
BBA,Commerce,college_student,0,False,Talent Acquisition Specialist,hr_management,8,9,college_beginner,beginner
BTech,Arts,working_professional,6,True,HR Manager,hr_management,8,9,career_switcher,intermediate
12th,Engineering,school_student,0,False,Machine Learning Engineer,data_science,3,12,school_explorer,foundation
10th,Arts,school_student,0,False,Full Stack Developer,software_engineering,12,36,school_explorer,beginner
BTech,Commerce,college_student,0,False,Digital Marketing Specialist,marketing,13,12,college_beginner,beginner
BSc,Management,graduate,0,True,Digital Marketing Specialist,marketing,14,12,graduate_beginner,beginner
BCA,Science,graduate,1,False,Business Analyst,business_analysis,18,3,graduate_beginner,intermediate
10th,Engineering,school_student,0,False,Data Analyst,data_science,10,24,school_explorer,beginner
10th,Computer Science,school_student,0,False,Full Stack Developer,software_engineering,16,9,school_explorer,beginner
MBA,Commerce,working_professional,2,True,Digital Marketing Specialist,marketing,20,12,career_switcher,beginner
BCom,Engineering,graduate,0,False,Full Stack Developer,software_engineering,16,9,graduate_beginner,beginner
BCA,Management,graduate,0,False,Data Analyst,data_science,17,18,graduate_beginner,beginner
10th,Science,school_student,0,False,Machine Learning Engineer,data_science,7,12,school_explorer,beginner
BBA,Science,college_student,1,False,Digital Marketing Specialist,marketing,5,36,college_developer,intermediate
BBA,Arts,college_student,0,True,HR Manager,hr_management,18,9,college_beginner,beginner
10th,Engineering,school_student,0,False,Digital Marketing Specialist,marketing,7,9,school_explorer,beginner
BTech,Engineering,college_student,0,False,Talent Acquisition Specialist,hr_management,9,12,college_beginner,beginner
BTech,Science,college_student,1,False,Data Scientist,data_science,10,36,college_developer,intermediate
BA,Computer Science,working_professional,5,False,Digital Marketing Specialist,marketing,12,6,career_advancer,intermediate
BA,Science,college_student,0,False,Digital Marketing Specialist,marketing,7,12,college_beginner,beginner
12th,Science,school_student,0,False,Full Stack Developer,software_engineering,17,18,school_explorer,beginner
BSc,Arts,college_student,1,False,Product Designer,design,13,18,college_developer,intermediate
BCom,Science,working_professional,7,False,Machine Learning Engineer,data_science,16,12,career_advancer,intermediate
12th,Management,school_student,0,False,HR Executive,hr_management,7,18,school_explorer,beginner
BBA,Management,graduate,1,False,Software Engineer,software_engineering,12,3,graduate_beginner,intermediate
MBA,Commerce,working_professional,1,True,Machine Learning Engineer,data_science,19,12,career_switcher,beginner
BSc,Arts,graduate,0,False,Data Scientist,data_science,6,36,graduate_beginner,beginner
BA,Engineering,graduate,0,False,Product Designer,design,19,24,graduate_beginner,beginner
BSc,Commerce,college_student,1,False,Talent Acquisition Specialist,hr_management,10,24,college_developer,intermediate
BSc,Science,graduate,0,False,Product Manager,product_management,18,18,graduate_beginner,beginner
10th,Arts,school_student,0,True,Full Stack Developer,software_engineering,6,18,school_explorer,foundation
BA,Arts,working_professional,9,True,Machine Learning Engineer,data_science,15,3,career_switcher,intermediate
BBA,Computer Science,working_professional,4,False,Business Analyst,business_analysis,20,9,working_beginner,intermediate
12th,Management,school_student,0,False,Talent Acquisition Specialist,hr_management,3,6,school_explorer,foundation
BCA,Engineering,college_student,0,False,Machine Learning Engineer,data_science,18,9,college_beginner,beginner
BCom,Management,working_professional,5,True,Data Analyst,data_science,15,24,career_switcher,intermediate
BBA,Computer Science,working_professional,1,False,Digital Marketing Specialist,marketing,17,3,working_beginner,beginner
BA,Management,graduate,1,False,UI UX Designer,design,17,3,graduate_beginner,intermediate
MBA,Commerce,working_professional,8,False,Digital Marketing Specialist,marketing,3,6,career_advancer,intermediate
BBA,Humanities,college_student,1,False,Software Engineer,software_engineering,5,6,college_developer,intermediate
BTech,Engineering,graduate,1,False,Business Analyst,business_analysis,7,9,graduate_beginner,intermediate
BA,Science,working_professional,8,True,Data Analyst,data_science,18,18,career_switcher,intermediate
BBA,Engineering,graduate,1,False,Data Scientist,data_science,14,18,graduate_beginner,intermediate
10th,Arts,school_student,0,True,Business Analyst,business_analysis,8,6,school_explorer,beginner
BCom,Computer Science,working_professional,4,True,Product Manager,product_management,10,3,career_switcher,beginner
BA,Computer Science,working_professional,1,True,Full Stack Developer,software_engineering,11,3,career_switcher,beginner
MCA,Arts,working_professional,6,False,Full Stack Developer,software_engineering,3,6,career_advancer,intermediate
BTech,Engineering,working_professional,3,True,UI UX Designer,design,20,6,career_switcher,beginner
MBA,Computer Science,working_professional,5,True,Marketing Manager,marketing,9,24,career_switcher,intermediate
BTech,Humanities,college_student,0,True,UI UX Designer,design,6,6,college_beginner,beginner
BTech,Arts,graduate,1,False,Software Engineer,software_engineering,5,9,graduate_beginner,intermediate
BBA,Engineering,working_professional,4,False,Full Stack Developer,software_engineering,18,18,working_beginner,intermediate
BTech,Management,college_student,1,True,Data Analyst,data_science,15,36,college_developer,intermediate
BA,Commerce,graduate,0,False,Machine Learning Engineer,data_science,10,3,graduate_beginner,beginner
BBA,Arts,college_student,0,False,Data Analyst,data_science,14,3,college_beginner,beginner
10th,Science,school_student,0,False,Business Analyst,business_analysis,19,18,school_explorer,beginner
10th,Management,school_student,0,False,Full Stack Developer,software_engineering,18,9,school_explorer,beginner
BCom,Science,working_professional,4,True,Data Scientist,data_science,4,6,career_switcher,beginner
BSc,Humanities,graduate,0,False,Marketing Manager,marketing,18,3,graduate_beginner,beginner
12th,Management,school_student,0,False,HR Executive,hr_management,16,18,school_explorer,beginner
BBA,Management,working_professional,5,True,Product Designer,design,4,3,career_switcher,intermediate
BA,Management,college_student,0,False,Data Analyst,data_science,18,9,college_beginner,beginner
10th,Arts,school_student,0,False,Product Manager,product_management,9,18,school_explorer,beginner
12th,Engineering,school_student,0,False,HR Manager,hr_management,15,36,school_explorer,beginner
BCA,Computer Science,working_professional,3,False,HR Executive,hr_management,17,3,working_beginner,intermediate
BTech,Commerce,graduate,0,False,Marketing Manager,marketing,10,3,graduate_beginner,beginner
10th,Computer Science,school_student,0,True,Business Analyst,business_analysis,10,36,school_explorer,beginner
BBA,Commerce,working_professional,5,True,HR Manager,hr_management,13,9,career_switcher,intermediate
BTech,Commerce,working_professional,2,False,UI UX Designer,design,5,3,working_beginner,intermediate
MBA,Commerce,working_professional,6,False,Business Analyst,business_analysis,10,12,career_advancer,intermediate
BSc,Humanities,graduate,0,False,Software Engineer,software_engineering,11,9,graduate_beginner,beginner
12th,Arts,school_student,0,True,Data Analyst,data_science,18,9,school_explorer,beginner
BBA,Humanities,college_student,0,False,HR Executive,hr_management,14,24,college_beginner,beginner
BA,Arts,college_student,1,True,UI UX Designer,design,17,3,college_developer,intermediate
BCA,Science,graduate,0,False,Digital Marketing Specialist,marketing,5,3,graduate_beginner,beginner
BA,Computer Science,working_professional,7,True,Data Analyst,data_science,17,3,career_switcher,intermediate
BA,Computer Science,college_student,1,False,Software Engineer,software_engineering,4,24,college_developer,intermediate
BA,Humanities,graduate,1,False,Product Manager,product_management,13,36,graduate_beginner,intermediate
12th,Commerce,school_student,0,False,Product Designer,design,16,36,school_explorer,beginner
10th,Engineering,school_student,0,False,Software Engineer,software_engineering,15,24,school_explorer,beginner
BTech,Humanities,working_professional,10,True,Product Designer,design,19,9,career_switcher,intermediate
BCA,Computer Science,college_student,0,False,Digital Marketing Specialist,marketing,11,3,college_beginner,beginner
BCA,Science,graduate,0,False,HR Manager,hr_management,11,9,graduate_beginner,beginner
10th,Humanities,school_student,0,False,Digital Marketing Specialist,marketing,13,36,school_explorer,beginner
BA,Computer Science,working_professional,8,False,HR Manager,hr_management,17,3,career_advancer,intermediate
BCom,Engineering,college_student,0,False,Full Stack Developer,software_engineering,5,9,college_beginner,beginner
12th,Science,school_student,0,False,Talent Acquisition Specialist,hr_management,11,36,school_explorer,beginner
BBA,Humanities,working_professional,4,True,UI UX Designer,design,8,6,career_switcher,beginner
10th,Arts,school_student,0,False,UI UX Designer,design,19,36,school_explorer,beginner
BTech,Arts,college_student,0,False,Digital Marketing Specialist,marketing,3,24,college_beginner,beginner
10th,Management,school_student,0,False,Data Scientist,data_science,6,3,school_explorer,foundation
10th,Management,school_student,0,False,Marketing Manager,marketing,13,18,school_explorer,beginner
12th,Computer Science,school_student,0,False,Digital Marketing Specialist,marketing,7,3,school_explorer,beginner
MBA,Science,working_professional,6,True,Machine Learning Engineer,data_science,12,18,career_switcher,intermediate
12th,Science,school_student,0,False,Talent Acquisition Specialist,hr_management,3,3,school_explorer,foundation
BBA,Management,graduate,0,False,Business Analyst,business_analysis,4,24,graduate_beginner,beginner
10th,Humanities,school_student,0,False,Marketing Manager,marketing,19,18,school_explorer,beginner
10th,Computer Science,school_student,0,False,Full Stack Developer,software_engineering,18,24,school_explorer,beginner
BBA,Science,graduate,1,False,Digital Marketing Specialist,marketing,10,9,graduate_beginner,intermediate
BCom,Commerce,working_professional,2,False,Product Designer,design,10,12,working_beginner,intermediate
BCA,Arts,graduate,1,False,HR Executive,hr_management,14,24,graduate_beginner,intermediate
BBA,Computer Science,working_professional,10,True,Business Analyst,business_analysis,7,18,career_switcher,intermediate
BSc,Engineering,college_student,0,False,Product Manager,product_management,12,9,college_beginner,beginner
BCA,Computer Science,working_professional,3,True,Full Stack Developer,software_engineering,18,24,career_switcher,beginner
10th,Computer Science,school_student,0,False,HR Executive,hr_management,16,9,school_explorer,beginner
10th,Computer Science,school_student,0,False,Business Analyst,business_analysis,4,36,school_explorer,foundation
10th,Commerce,school_student,0,False,Software Engineer,software_engineering,19,12,school_explorer,beginner
MBA,Commerce,working_professional,9,False,Marketing Manager,marketing,12,3,career_advancer,intermediate
10th,Management,school_student,0,False,HR Executive,hr_management,14,12,school_explorer,beginner
BCom,Computer Science,working_professional,8,True,Product Designer,design,7,24,career_switcher,intermediate
10th,Humanities,school_student,0,False,HR Manager,hr_management,14,24,school_explorer,beginner
BBA,Science,working_professional,9,True,Product Designer,design,11,36,career_switcher,intermediate
BCom,Science,working_professional,1,False,Full Stack Developer,software_engineering,19,18,working_beginner,beginner
BCom,Science,working_professional,3,True,Talent Acquisition Specialist,hr_management,4,36,career_switcher,beginner
BCA,Management,graduate,1,False,Data Scientist,data_science,6,9,graduate_beginner,intermediate
BTech,Science,graduate,0,False,Marketing Manager,marketing,8,9,graduate_beginner,beginner
10th,Management,school_student,0,True,UI UX Designer,design,11,6,school_explorer,beginner
BTech,Humanities,college_student,0,False,Software Engineer,software_engineering,20,36,college_beginner,beginner
12th,Humanities,school_student,0,False,Marketing Manager,marketing,12,18,school_explorer,beginner
BCom,Management,college_student,0,False,HR Executive,hr_management,6,12,college_beginner,beginner
10th,Science,school_student,0,False,Digital Marketing Specialist,marketing,6,9,school_explorer,foundation
BA,Humanities,college_student,0,False,Data Scientist,data_science,8,18,college_beginner,beginner
12th,Engineering,school_student,0,False,HR Manager,hr_management,16,3,school_explorer,beginner
BSc,Science,college_student,0,False,UI UX Designer,design,3,6,college_beginner,beginner
BA,Humanities,college_student,0,False,Digital Marketing Specialist,marketing,18,6,college_beginner,beginner
BCom,Engineering,working_professional,3,True,Marketing Manager,marketing,5,18,career_switcher,beginner
12th,Computer Science,school_student,0,False,Software Engineer,software_engineering,9,24,school_explorer,beginner
BCA,Engineering,graduate,0,False,UI UX Designer,design,10,24,graduate_beginner,beginner
BBA,Engineering,college_student,0,False,Digital Marketing Specialist,marketing,18,12,college_beginner,beginner
BCA,Management,graduate,0,True,Digital Marketing Specialist,marketing,6,6,graduate_beginner,beginner
BCom,Computer Science,working_professional,4,True,UI UX Designer,design,16,3,career_switcher,beginner
12th,Science,school_student,0,False,Product Designer,design,15,24,school_explorer,beginner
BCA,Humanities,working_professional,7,False,UI UX Designer,design,10,3,career_advancer,intermediate
BCom,Management,college_student,0,False,Software Engineer,software_engineering,13,9,college_beginner,beginner
BTech,Computer Science,working_professional,7,False,Digital Marketing Specialist,marketing,4,9,career_advancer,intermediate
BSc,Commerce,graduate,0,False,Digital Marketing Specialist,marketing,17,12,graduate_beginner,beginner
BA,Management,college_student,0,False,Full Stack Developer,software_engineering,13,6,college_beginner,beginner
12th,Engineering,school_student,0,False,HR Executive,hr_management,13,9,school_explorer,beginner
10th,Arts,school_student,0,False,Data Scientist,data_science,20,6,school_explorer,beginner
BBA,Computer Science,college_student,0,False,Data Scientist,data_science,13,12,college_beginner,beginner
10th,Commerce,school_student,0,False,Business Analyst,business_analysis,3,36,school_explorer,foundation
MCA,Management,working_professional,8,False,HR Manager,hr_management,8,9,career_advancer,intermediate
BTech,Commerce,college_student,0,False,Product Designer,design,6,36,college_beginner,beginner
BA,Computer Science,college_student,0,True,Business Analyst,business_analysis,5,3,college_beginner,beginner
BA,Engineering,working_professional,1,True,Product Designer,design,20,18,career_switcher,beginner
BBA,Engineering,working_professional,10,False,Business Analyst,business_analysis,12,36,career_advancer,intermediate
12th,Management,school_student,0,True,Digital Marketing Specialist,marketing,17,6,school_explorer,beginner
BTech,Management,working_professional,5,False,Data Analyst,data_science,5,6,career_advancer,intermediate
BCom,Science,working_professional,9,True,Software Engineer,software_engineering,10,12,career_switcher,intermediate
BCom,Engineering,working_professional,9,True,Product Designer,design,6,12,career_switcher,intermediate
MCA,Arts,working_professional,4,True,Machine Learning Engineer,data_science,14,12,career_switcher,beginner
BBA,Science,graduate,1,False,HR Executive,hr_management,6,18,graduate_beginner,intermediate
BTech,Management,college_student,0,False,Data Analyst,data_science,18,18,college_beginner,beginner
BTech,Humanities,college_student,1,False,Digital Marketing Specialist,marketing,16,9,college_developer,intermediate
BSc,Arts,graduate,1,True,Full Stack Developer,software_engineering,16,36,graduate_beginner,intermediate
BCA,Commerce,working_professional,8,False,Data Scientist,data_science,10,9,career_advancer,intermediate
10th,Computer Science,school_student,0,False,Data Analyst,data_science,5,12,school_explorer,foundation
10th,Commerce,school_student,0,False,Marketing Manager,marketing,17,36,school_explorer,beginner
BBA,Computer Science,working_professional,9,False,Machine Learning Engineer,data_science,7,24,career_advancer,intermediate
BA,Arts,graduate,0,False,Digital Marketing Specialist,marketing,11,18,graduate_beginner,beginner
BCA,Management,college_student,0,False,Software Engineer,software_engineering,9,36,college_beginner,beginner
BTech,Science,graduate,0,False,Marketing Manager,marketing,13,24,graduate_beginner,beginner
BA,Commerce,working_professional,6,False,Data Analyst,data_science,8,6,career_advancer,intermediate
BSc,Arts,graduate,0,False,Marketing Manager,marketing,6,18,graduate_beginner,beginner
BCA,Arts,working_professional,3,True,HR Executive,hr_management,14,24,career_switcher,beginner
10th,Engineering,school_student,0,False,Digital Marketing Specialist,marketing,12,36,school_explorer,beginner
BCom,Management,graduate,1,False,Product Manager,product_management,15,9,graduate_beginner,intermediate
BTech,Engineering,college_student,0,False,HR Executive,hr_management,9,9,college_beginner,beginner
BSc,Arts,college_student,1,False,Data Scientist,data_science,11,36,college_developer,intermediate
BBA,Engineering,working_professional,3,True,HR Manager,hr_management,10,6,career_switcher,beginner
BCA,Commerce,college_student,1,True,Business Analyst,business_analysis,3,9,college_developer,intermediate
BTech,Commerce,working_professional,8,True,Data Scientist,data_science,12,18,career_switcher,intermediate
BTech,Management,working_professional,7,False,Product Designer,design,18,9,career_advancer,intermediate
10th,Science,school_student,0,False,Talent Acquisition Specialist,hr_management,11,24,school_explorer,beginner
BTech,Management,working_professional,5,False,UI UX Designer,design,6,18,career_advancer,intermediate
BTech,Science,college_student,0,False,Business Analyst,business_analysis,17,36,college_beginner,beginner
BSc,Computer Science,college_student,0,False,Data Analyst,data_science,14,6,college_beginner,beginner
BCom,Commerce,working_professional,9,False,Marketing Manager,marketing,3,18,career_advancer,intermediate
BCom,Arts,graduate,1,False,HR Manager,hr_management,11,3,graduate_beginner,intermediate
BA,Computer Science,working_professional,5,True,Digital Marketing Specialist,marketing,4,18,career_switcher,intermediate
BTech,Computer Science,working_professional,3,True,Machine Learning Engineer,data_science,20,36,career_switcher,beginner
10th,Science,school_student,0,False,Product Designer,design,8,36,school_explorer,beginner
10th,Computer Science,school_student,0,True,Machine Learning Engineer,data_science,4,9,school_explorer,foundation
BA,Science,college_student,0,False,Data Scientist,data_science,13,24,college_beginner,beginner
BCA,Engineering,graduate,0,False,UI UX Designer,design,15,12,graduate_beginner,beginner
10th,Arts,school_student,0,False,Business Analyst,business_analysis,19,6,school_explorer,beginner
BA,Commerce,working_professional,5,False,Full Stack Developer,software_engineering,9,24,career_advancer,intermediate
12th,Engineering,school_student,0,True,Digital Marketing Specialist,marketing,20,9,school_explorer,beginner
12th,Management,school_student,0,False,HR Executive,hr_management,6,3,school_explorer,foundation
BCA,Commerce,graduate,1,True,HR Manager,hr_management,8,36,graduate_beginner,intermediate
BA,Science,working_professional,4,True,Digital Marketing Specialist,marketing,9,24,career_switcher,beginner
MBA,Arts,working_professional,5,False,Talent Acquisition Specialist,hr_management,11,6,career_advancer,intermediate
BBA,Commerce,college_student,0,False,Talent Acquisition Specialist,hr_management,12,9,college_beginner,beginner
BCom,Arts,working_professional,10,False,Data Scientist,data_science,14,36,career_advancer,intermediate
BTech,Engineering,college_student,1,False,Talent Acquisition Specialist,hr_management,20,18,college_developer,intermediate
BSc,Computer Science,graduate,1,False,Product Manager,product_management,12,6,graduate_beginner,intermediate
BA,Management,graduate,1,False,Product Manager,product_management,9,9,graduate_beginner,intermediate
10th,Arts,school_student,0,False,Machine Learning Engineer,data_science,7,12,school_explorer,beginner
MBA,Management,working_professional,10,True,HR Manager,hr_management,13,24,career_switcher,intermediate
10th,Science,school_student,0,False,Data Analyst,data_science,18,9,school_explorer,beginner
BCom,Commerce,graduate,0,False,Machine Learning Engineer,data_science,20,6,graduate_beginner,beginner
BCA,Humanities,working_professional,10,False,Product Designer,design,16,24,career_advancer,intermediate
BBA,Humanities,college_student,0,False,Full Stack Developer,software_engineering,13,12,college_beginner,beginner
BSc,Arts,college_student,0,False,Data Analyst,data_science,16,36,college_beginner,beginner
10th,Computer Science,school_student,0,False,Software Engineer,software_engineering,8,9,school_explorer,beginner
BSc,Management,college_student,0,False,Talent Acquisition Specialist,hr_management,13,36,college_beginner,beginner
BBA,Science,college_student,1,True,Data Analyst,data_science,8,12,college_developer,intermediate
BBA,Commerce,college_student,0,False,HR Executive,hr_management,8,6,college_beginner,beginner
BCA,Arts,college_student,0,False,HR Manager,hr_management,18,6,college_beginner,beginner
MBA,Management,working_professional,4,False,Machine Learning Engineer,data_science,15,36,working_beginner,intermediate
12th,Commerce,school_student,0,False,Talent Acquisition Specialist,hr_management,13,36,school_explorer,beginner
BCom,Humanities,graduate,1,False,Product Designer,design,16,18,graduate_beginner,intermediate
MBA,Science,working_professional,10,True,HR Manager,hr_management,10,18,career_switcher,intermediate
BCom,Science,graduate,1,False,Business Analyst,business_analysis,3,18,graduate_beginner,intermediate
BCA,Arts,college_student,1,False,Marketing Manager,marketing,4,6,college_developer,intermediate
MBA,Science,working_professional,3,False,Data Analyst,data_science,7,9,working_beginner,intermediate
BA,Engineering,working_professional,5,False,Data Analyst,data_science,8,6,career_advancer,intermediate
12th,Management,school_student,0,False,Product Manager,product_management,5,9,school_explorer,foundation
MCA,Engineering,working_professional,1,False,Talent Acquisition Specialist,hr_management,13,6,working_beginner,beginner
12th,Computer Science,school_student,0,False,UI UX Designer,design,15,12,school_explorer,beginner
BSc,Computer Science,graduate,1,False,HR Executive,hr_management,17,18,graduate_beginner,intermediate
BCA,Engineering,graduate,0,False,HR Executive,hr_management,8,12,graduate_beginner,beginner
10th,Humanities,school_student,0,False,HR Manager,hr_management,13,24,school_explorer,beginner
BTech,Management,working_professional,1,True,Machine Learning Engineer,data_science,12,3,career_switcher,beginner
BA,Computer Science,graduate,1,False,UI UX Designer,design,14,9,graduate_beginner,intermediate
12th,Science,school_student,0,False,Talent Acquisition Specialist,hr_management,12,9,school_explorer,beginner
BSc,Science,graduate,0,False,Full Stack Developer,software_engineering,6,9,graduate_beginner,beginner
BBA,Engineering,working_professional,3,True,HR Executive,hr_management,20,3,career_switcher,beginner
BTech,Commerce,working_professional,5,True,Data Scientist,data_science,17,24,career_switcher,intermediate
BA,Humanities,working_professional,2,True,Data Scientist,data_science,14,3,career_switcher,beginner
12th,Engineering,school_student,0,False,Software Engineer,software_engineering,5,9,school_explorer,foundation
BTech,Science,working_professional,1,True,Talent Acquisition Specialist,hr_management,11,24,career_switcher,beginner
BSc,Arts,college_student,0,False,Digital Marketing Specialist,marketing,19,18,college_beginner,beginner
12th,Engineering,school_student,0,False,Full Stack Developer,software_engineering,18,6,school_explorer,beginner
BBA,Science,college_student,0,False,Full Stack Developer,software_engineering,15,6,college_beginner,beginner
BBA,Arts,working_professional,1,True,Product Manager,product_management,16,24,career_switcher,beginner
BCA,Science,working_professional,6,True,HR Executive,hr_management,10,6,career_switcher,intermediate
BTech,Science,college_student,0,False,Product Designer,design,17,18,college_beginner,beginner
BTech,Science,working_professional,9,False,HR Manager,hr_management,13,9,career_advancer,intermediate
BBA,Humanities,working_professional,8,True,Business Analyst,business_analysis,18,6,career_switcher,intermediate
BTech,Computer Science,graduate,0,False,UI UX Designer,design,5,24,graduate_beginner,beginner
BA,Arts,college_student,0,False,Digital Marketing Specialist,marketing,12,36,college_beginner,beginner
10th,Computer Science,school_student,0,False,Full Stack Developer,software_engineering,8,18,school_explorer,beginner
12th,Computer Science,school_student,0,False,Software Engineer,software_engineering,18,6,school_explorer,beginner
BCA,Commerce,working_professional,2,True,HR Executive,hr_management,15,6,career_switcher,beginner
BBA,Management,graduate,0,False,Product Manager,product_management,15,18,graduate_beginner,beginner
BCom,Computer Science,graduate,0,False,UI UX Designer,design,6,24,graduate_beginner,beginner
BCA,Humanities,graduate,1,False,Software Engineer,software_engineering,15,6,graduate_beginner,intermediate
BCom,Humanities,working_professional,8,False,Talent Acquisition Specialist,hr_management,8,12,career_advancer,intermediate
BTech,Management,graduate,1,False,Talent Acquisition Specialist,hr_management,6,12,graduate_beginner,intermediate
BBA,Computer Science,working_professional,1,True,Full Stack Developer,software_engineering,10,6,career_switcher,beginner
BA,Management,working_professional,6,False,Full Stack Developer,software_engineering,10,6,career_advancer,intermediate
BA,Arts,graduate,1,False,Full Stack Developer,software_engineering,15,18,graduate_beginner,intermediate
BCom,Humanities,college_student,0,False,Product Designer,design,10,6,college_beginner,beginner
BBA,Commerce,graduate,0,False,HR Executive,hr_management,3,6,graduate_beginner,beginner
BBA,Commerce,working_professional,3,True,Machine Learning Engineer,data_science,19,24,career_switcher,beginner
BBA,Humanities,graduate,0,False,Machine Learning Engineer,data_science,5,3,graduate_beginner,beginner
MCA,Engineering,working_professional,9,False,Machine Learning Engineer,data_science,15,3,career_advancer,intermediate
10th,Engineering,school_student,0,False,Machine Learning Engineer,data_science,18,36,school_explorer,beginner
MCA,Humanities,working_professional,1,False,Data Scientist,data_science,15,24,working_beginner,beginner
10th,Humanities,school_student,0,False,Talent Acquisition Specialist,hr_management,11,36,school_explorer,beginner
BBA,Engineering,college_student,1,False,UI UX Designer,design,13,6,college_developer,intermediate
BA,Commerce,graduate,0,False,UI UX Designer,design,5,12,graduate_beginner,beginner
BBA,Humanities,college_student,0,False,Digital Marketing Specialist,marketing,17,9,college_beginner,beginner
BCA,Science,graduate,0,False,Product Manager,product_management,7,6,graduate_beginner,beginner
BCA,Commerce,graduate,0,False,Product Designer,design,12,9,graduate_beginner,beginner
BTech,Management,graduate,1,False,Machine Learning Engineer,data_science,12,6,graduate_beginner,intermediate
BSc,Commerce,college_student,0,False,Business Analyst,business_analysis,15,9,college_beginner,beginner
BSc,Humanities,college_student,0,False,Talent Acquisition Specialist,hr_management,3,9,college_beginner,beginner
BTech,Engineering,working_professional,10,True,Talent Acquisition Specialist,hr_management,14,24,career_switcher,intermediate
BCA,Humanities,graduate,0,False,Data Analyst,data_science,18,24,graduate_beginner,beginner
BCom,Computer Science,college_student,1,False,HR Manager,hr_management,5,9,college_developer,intermediate
BBA,Commerce,college_student,0,False,UI UX Designer,design,9,9,college_beginner,beginner
10th,Engineering,school_student,0,False,Product Designer,design,9,9,school_explorer,beginner
12th,Engineering,school_student,0,False,Software Engineer,software_engineering,5,9,school_explorer,foundation
10th,Humanities,school_student,0,False,Machine Learning Engineer,data_science,19,6,school_explorer,beginner
BCA,Commerce,college_student,1,False,Talent Acquisition Specialist,hr_management,4,18,college_developer,intermediate
BA,Arts,college_student,0,True,Talent Acquisition Specialist,hr_management,19,9,college_beginner,beginner
BTech,Commerce,working_professional,2,True,Software Engineer,software_engineering,4,9,career_switcher,beginner
12th,Computer Science,school_student,0,True,HR Executive,hr_management,18,6,school_explorer,beginner
BCom,Commerce,working_professional,10,True,HR Manager,hr_management,16,36,career_switcher,intermediate
BSc,Computer Science,college_student,1,False,HR Manager,hr_management,11,36,college_developer,intermediate
BBA,Computer Science,college_student,1,False,Software Engineer,software_engineering,12,24,college_developer,intermediate
BCom,Commerce,graduate,1,False,Software Engineer,software_engineering,19,9,graduate_beginner,intermediate
BCom,Humanities,college_student,0,False,Data Scientist,data_science,19,12,college_beginner,beginner
MBA,Arts,working_professional,5,True,HR Executive,hr_management,17,9,career_switcher,intermediate
10th,Humanities,school_student,0,False,Marketing Manager,marketing,12,18,school_explorer,beginner
12th,Computer Science,school_student,0,False,Full Stack Developer,software_engineering,9,18,school_explorer,beginner
BCom,Commerce,college_student,0,False,Business Analyst,business_analysis,8,18,college_beginner,beginner
MBA,Management,working_professional,10,False,Product Manager,product_management,16,36,career_advancer,intermediate
MCA,Science,working_professional,5,False,Data Scientist,data_science,7,9,career_advancer,intermediate
BTech,Science,graduate,0,False,Data Analyst,data_science,15,36,graduate_beginner,beginner
BCom,Arts,working_professional,3,True,Machine Learning Engineer,data_science,11,3,career_switcher,beginner
BCom,Engineering,graduate,0,False,HR Manager,hr_management,13,12,graduate_beginner,beginner
BCA,Management,college_student,1,True,Business Analyst,business_analysis,11,3,college_developer,intermediate
MBA,Science,working_professional,10,False,Machine Learning Engineer,data_science,4,36,career_advancer,intermediate
BBA,Engineering,working_professional,5,True,Full Stack Developer,software_engineering,15,3,career_switcher,intermediate
BCom,Engineering,graduate,1,True,Data Scientist,data_science,17,9,graduate_beginner,intermediate
12th,Engineering,school_student,0,False,Product Manager,product_management,16,36,school_explorer,beginner
BCA,Management,graduate,0,False,Software Engineer,software_engineering,5,12,graduate_beginner,beginner
BCA,Management,graduate,1,True,Business Analyst,business_analysis,12,24,graduate_beginner,intermediate
BCom,Humanities,graduate,0,False,Product Designer,design,9,6,graduate_beginner,beginner
BCom,Computer Science,graduate,0,False,UI UX Designer,design,11,9,graduate_beginner,beginner
12th,Commerce,school_student,0,False,Data Analyst,data_science,15,36,school_explorer,beginner
12th,Humanities,school_student,0,False,HR Manager,hr_management,16,3,school_explorer,beginner
BCom,Humanities,working_professional,10,True,Data Scientist,data_science,5,24,career_switcher,intermediate
10th,Arts,school_student,0,False,Product Manager,product_management,19,36,school_explorer,beginner
BTech,Computer Science,college_student,1,False,Business Analyst,business_analysis,11,12,college_developer,intermediate
BA,Commerce,graduate,0,False,UI UX Designer,design,13,12,graduate_beginner,beginner
BA,Engineering,working_professional,7,False,Full Stack Developer,software_engineering,12,3,career_advancer,intermediate
BBA,Arts,college_student,1,False,Talent Acquisition Specialist,hr_management,11,36,college_developer,intermediate
BCA,Humanities,graduate,0,False,UI UX Designer,design,9,36,graduate_beginner,beginner
BCA,Engineering,college_student,0,True,Marketing Manager,marketing,12,6,college_beginner,beginner
10th,Management,school_student,0,False,Software Engineer,software_engineering,14,3,school_explorer,beginner
BCA,Commerce,college_student,0,False,Talent Acquisition Specialist,hr_management,16,9,college_beginner,beginner
BA,Humanities,graduate,0,False,Machine Learning Engineer,data_science,6,36,graduate_beginner,beginner
BCom,Computer Science,college_student,0,False,Machine Learning Engineer,data_science,17,12,college_beginner,beginner
10th,Management,school_student,0,False,Talent Acquisition Specialist,hr_management,19,18,school_explorer,beginner
BTech,Commerce,college_student,1,False,Product Designer,design,14,24,college_developer,intermediate
BTech,Commerce,college_student,0,True,Machine Learning Engineer,data_science,11,18,college_beginner,beginner
12th,Arts,school_student,0,False,Product Manager,product_management,16,12,school_explorer,beginner
BCom,Science,graduate,0,False,Data Analyst,data_science,12,6,graduate_beginner,beginner
BTech,Engineering,working_professional,1,True,Digital Marketing Specialist,marketing,13,3,career_switcher,beginner
10th,Commerce,school_student,0,False,Software Engineer,software_engineering,7,6,school_explorer,beginner
BA,Arts,college_student,0,False,Data Scientist,data_science,16,36,college_beginner,beginner
BA,Commerce,college_student,0,False,Data Scientist,data_science,6,36,college_beginner,beginner
BTech,Commerce,graduate,1,False,Data Scientist,data_science,11,18,graduate_beginner,intermediate
12th,Science,school_student,0,True,HR Manager,hr_management,7,12,school_explorer,beginner
BCA,Humanities,college_student,0,True,HR Manager,hr_management,14,6,college_beginner,beginner
BTech,Arts,working_professional,7,True,Business Analyst,business_analysis,20,12,career_switcher,intermediate
12th,Humanities,school_student,0,False,Machine Learning Engineer,data_science,18,9,school_explorer,beginner
BCA,Management,graduate,1,False,Product Designer,design,6,12,graduate_beginner,intermediate
BCA,Commerce,college_student,0,False,Product Manager,product_management,7,6,college_beginner,beginner
BCom,Arts,working_professional,10,False,HR Executive,hr_management,10,6,career_advancer,intermediate
BCom,Engineering,graduate,1,False,Machine Learning Engineer,data_science,19,18,graduate_beginner,intermediate
BBA,Humanities,college_student,1,False,Data Scientist,data_science,7,18,college_developer,intermediate
MBA,Engineering,working_professional,1,True,Product Manager,product_management,9,6,career_switcher,beginner
10th,Engineering,school_student,0,True,Talent Acquisition Specialist,hr_management,15,9,school_explorer,beginner
BBA,Computer Science,graduate,1,False,Business Analyst,business_analysis,15,12,graduate_beginner,intermediate
BCA,Management,graduate,0,False,HR Executive,hr_management,11,24,graduate_beginner,beginner
BBA,Science,college_student,0,False,Product Manager,product_management,18,36,college_beginner,beginner
BCA,Arts,graduate,0,False,HR Executive,hr_management,14,12,graduate_beginner,beginner
10th,Commerce,school_student,0,False,Machine Learning Engineer,data_science,6,3,school_explorer,foundation
BCom,Commerce,graduate,0,False,Data Analyst,data_science,20,3,graduate_beginner,beginner
MCA,Commerce,working_professional,9,True,Marketing Manager,marketing,7,36,career_switcher,intermediate
BCA,Commerce,graduate,1,False,Product Manager,product_management,7,18,graduate_beginner,intermediate
BCA,Arts,graduate,0,False,Product Designer,design,19,6,graduate_beginner,beginner
BA,Engineering,college_student,0,False,Business Analyst,business_analysis,7,18,college_beginner,beginner
BBA,Computer Science,college_student,0,False,Data Analyst,data_science,12,12,college_beginner,beginner
BCom,Computer Science,working_professional,3,True,Product Designer,design,12,3,career_switcher,beginner
BBA,Engineering,graduate,1,False,Full Stack Developer,software_engineering,5,3,graduate_beginner,intermediate
MCA,Commerce,working_professional,3,True,Product Manager,product_management,10,12,career_switcher,beginner
BCA,Computer Science,working_professional,4,True,Marketing Manager,marketing,14,3,career_switcher,beginner
BA,Commerce,working_professional,10,False,UI UX Designer,design,7,6,career_advancer,intermediate
BCom,Engineering,graduate,0,False,UI UX Designer,design,6,18,graduate_beginner,beginner
BBA,Humanities,working_professional,8,False,Digital Marketing Specialist,marketing,6,18,career_advancer,intermediate
BCom,Arts,graduate,0,False,Data Analyst,data_science,11,3,graduate_beginner,beginner
BA,Management,college_student,1,False,Product Manager,product_management,12,6,college_developer,intermediate
BBA,Engineering,graduate,1,True,Machine Learning Engineer,data_science,16,12,graduate_beginner,intermediate
BSc,Humanities,graduate,1,False,Digital Marketing Specialist,marketing,11,24,graduate_beginner,intermediate
BCom,Engineering,graduate,0,False,HR Manager,hr_management,6,24,graduate_beginner,beginner
BBA,Management,working_professional,10,False,Data Analyst,data_science,11,3,career_advancer,intermediate
BCA,Management,working_professional,9,True,Business Analyst,business_analysis,15,3,career_switcher,intermediate
10th,Humanities,school_student,0,False,HR Executive,hr_management,10,9,school_explorer,beginner
MCA,Management,working_professional,7,False,Product Designer,design,4,9,career_advancer,intermediate
12th,Management,school_student,0,False,Business Analyst,business_analysis,16,24,school_explorer,beginner
BTech,Management,college_student,0,False,HR Executive,hr_management,12,12,college_beginner,beginner
BCom,Computer Science,graduate,1,False,Data Scientist,data_science,14,6,graduate_beginner,intermediate
MBA,Science,working_professional,5,False,Product Manager,product_management,8,6,career_advancer,intermediate
BBA,Computer Science,graduate,0,False,Business Analyst,business_analysis,5,9,graduate_beginner,beginner
BBA,Engineering,college_student,0,False,HR Executive,hr_management,5,24,college_beginner,beginner
BCom,Computer Science,college_student,0,False,Digital Marketing Specialist,marketing,18,9,college_beginner,beginner
BCA,Science,college_student,0,False,HR Manager,hr_management,6,6,college_beginner,beginner
BCA,Engineering,graduate,1,False,Talent Acquisition Specialist,hr_management,15,18,graduate_beginner,intermediate
12th,Arts,school_student,0,False,Business Analyst,business_analysis,11,6,school_explorer,beginner
BBA,Science,working_professional,7,True,HR Executive,hr_management,12,18,career_switcher,intermediate
MCA,Commerce,working_professional,1,False,Marketing Manager,marketing,20,6,working_beginner,beginner
BA,Computer Science,college_student,0,False,Marketing Manager,marketing,10,12,college_beginner,beginner
12th,Commerce,school_student,0,False,Marketing Manager,marketing,3,36,school_explorer,foundation
BCom,Computer Science,college_student,0,False,Business Analyst,business_analysis,19,18,college_beginner,beginner
BSc,Computer Science,graduate,0,False,Product Manager,product_management,11,12,graduate_beginner,beginner
BA,Science,graduate,1,False,Talent Acquisition Specialist,hr_management,13,36,graduate_beginner,intermediate
BTech,Commerce,college_student,1,False,Software Engineer,software_engineering,13,3,college_developer,intermediate
BSc,Commerce,graduate,1,False,UI UX Designer,design,20,36,graduate_beginner,intermediate
12th,Science,school_student,0,False,Full Stack Developer,software_engineering,17,12,school_explorer,beginner
12th,Commerce,school_student,0,False,Software Engineer,software_engineering,4,9,school_explorer,foundation
12th,Commerce,school_student,0,False,HR Executive,hr_management,11,18,school_explorer,beginner
BTech,Arts,working_professional,3,False,Data Analyst,data_science,9,24,working_beginner,intermediate
BCom,Management,graduate,0,False,Full Stack Developer,software_engineering,19,12,graduate_beginner,beginner
BA,Engineering,graduate,1,True,HR Manager,hr_management,14,18,graduate_beginner,intermediate
12th,Management,school_student,0,False,Product Designer,design,8,24,school_explorer,beginner
BCA,Humanities,college_student,0,True,UI UX Designer,design,18,24,college_beginner,beginner
BCA,Arts,working_professional,7,False,Product Manager,product_management,16,12,career_advancer,intermediate
BBA,Humanities,graduate,0,False,Digital Marketing Specialist,marketing,14,6,graduate_beginner,beginner
10th,Computer Science,school_student,0,False,Digital Marketing Specialist,marketing,15,6,school_explorer,beginner
12th,Engineering,school_student,0,False,Machine Learning Engineer,data_science,6,18,school_explorer,foundation
12th,Arts,school_student,0,False,HR Executive,hr_management,8,3,school_explorer,beginner
12th,Arts,school_student,0,False,Data Analyst,data_science,12,3,school_explorer,beginner
BA,Management,graduate,0,False,Marketing Manager,marketing,18,6,graduate_beginner,beginner
BSc,Arts,college_student,0,False,Full Stack Developer,software_engineering,8,12,college_beginner,beginner
BCom,Management,college_student,0,False,Full Stack Developer,software_engineering,4,18,college_beginner,beginner
BCom,Humanities,graduate,0,False,Data Scientist,data_science,8,18,graduate_beginner,beginner
BSc,Computer Science,college_student,0,False,Full Stack Developer,software_engineering,13,12,college_beginner,beginner
MCA,Humanities,working_professional,8,False,HR Executive,hr_management,20,3,career_advancer,intermediate
BCA,Science,college_student,1,False,Marketing Manager,marketing,15,3,college_developer,intermediate
10th,Humanities,school_student,0,False,UI UX Designer,design,13,18,school_explorer,beginner
MCA,Management,working_professional,9,False,UI UX Designer,design,9,9,career_advancer,intermediate
BBA,Computer Science,college_student,1,True,Data Analyst,data_science,16,12,college_developer,intermediate
12th,Computer Science,school_student,0,False,Software Engineer,software_engineering,18,18,school_explorer,beginner
BSc,Humanities,graduate,1,True,HR Manager,hr_management,19,36,graduate_beginner,intermediate
BA,Science,college_student,0,True,Product Designer,design,4,18,college_beginner,beginner
BBA,Computer Science,college_student,0,False,Business Analyst,business_analysis,16,24,college_beginner,beginner
BSc,Management,graduate,1,False,HR Manager,hr_management,9,3,graduate_beginner,intermediate
BA,Commerce,graduate,1,False,Marketing Manager,marketing,18,6,graduate_beginner,intermediate
12th,Arts,school_student,0,True,Marketing Manager,marketing,6,9,school_explorer,foundation
BBA,Engineering,graduate,0,False,Business Analyst,business_analysis,10,9,graduate_beginner,beginner
BCA,Arts,college_student,0,False,Full Stack Developer,software_engineering,11,12,college_beginner,beginner
BBA,Humanities,graduate,1,False,Product Designer,design,11,12,graduate_beginner,intermediate
BTech,Humanities,working_professional,5,False,Business Analyst,business_analysis,9,36,career_advancer,intermediate
12th,Management,school_student,0,False,HR Manager,hr_management,17,6,school_explorer,beginner
10th,Arts,school_student,0,False,Talent Acquisition Specialist,hr_management,18,3,school_explorer,beginner
BSc,Commerce,graduate,1,False,Product Designer,design,15,9,graduate_beginner,intermediate
BA,Humanities,graduate,0,False,Data Analyst,data_science,9,3,graduate_beginner,beginner
BSc,Commerce,college_student,0,True,Machine Learning Engineer,data_science,18,3,college_beginner,beginner
BBA,Humanities,working_professional,2,False,Product Manager,product_management,5,6,working_beginner,intermediate
MBA,Science,working_professional,3,True,Machine Learning Engineer,data_science,4,24,career_switcher,beginner
BA,Engineering,graduate,1,False,HR Manager,hr_management,7,9,graduate_beginner,intermediate
BTech,Commerce,graduate,0,False,UI UX Designer,design,4,12,graduate_beginner,beginner
10th,Management,school_student,0,False,Talent Acquisition Specialist,hr_management,9,9,school_explorer,beginner
BA,Arts,working_professional,4,True,Full Stack Developer,software_engineering,19,9,career_switcher,beginner
BA,Management,graduate,0,False,UI UX Designer,design,5,12,graduate_beginner,beginner
BA,Management,college_student,0,False,Data Scientist,data_science,4,6,college_beginner,beginner
12th,Commerce,school_student,0,False,HR Manager,hr_management,4,36,school_explorer,foundation
BA,Arts,college_student,0,True,Full Stack Developer,software_engineering,20,3,college_beginner,beginner
BCom,Management,working_professional,10,True,Data Analyst,data_science,17,24,career_switcher,intermediate
BCom,Computer Science,graduate,1,False,Machine Learning Engineer,data_science,18,6,graduate_beginner,intermediate
BBA,Commerce,college_student,0,False,Data Analyst,data_science,11,6,college_beginner,beginner
BBA,Computer Science,graduate,0,False,Machine Learning Engineer,data_science,16,24,graduate_beginner,beginner
BA,Computer Science,college_student,0,False,Marketing Manager,marketing,15,12,college_beginner,beginner
BTech,Engineering,working_professional,7,False,Machine Learning Engineer,data_science,14,9,career_advancer,intermediate
BA,Computer Science,college_student,0,False,Marketing Manager,marketing,9,24,college_beginner,beginner
BTech,Humanities,graduate,1,False,Business Analyst,business_analysis,16,9,graduate_beginner,intermediate
BCom,Computer Science,college_student,0,False,Software Engineer,software_engineering,17,9,college_beginner,beginner
10th,Computer Science,school_student,0,False,Marketing Manager,marketing,13,18,school_explorer,beginner
BBA,Computer Science,working_professional,8,True,HR Manager,hr_management,9,12,career_switcher,intermediate
BA,Engineering,college_student,1,False,Full Stack Developer,software_engineering,9,6,college_developer,intermediate
BCom,Commerce,college_student,0,False,Full Stack Developer,software_engineering,19,24,college_beginner,beginner
10th,Engineering,school_student,0,False,HR Executive,hr_management,3,3,school_explorer,foundation
12th,Science,school_student,0,False,Data Scientist,data_science,9,24,school_explorer,beginner
12th,Science,school_student,0,False,Full Stack Developer,software_engineering,13,18,school_explorer,beginner
BSc,Computer Science,graduate,0,False,Digital Marketing Specialist,marketing,12,3,graduate_beginner,beginner
BCom,Commerce,college_student,0,False,Software Engineer,software_engineering,16,6,college_beginner,beginner
BSc,Computer Science,graduate,0,True,HR Executive,hr_management,7,12,graduate_beginner,beginner
BTech,Commerce,working_professional,7,True,Machine Learning Engineer,data_science,8,36,career_switcher,intermediate
BTech,Engineering,graduate,1,False,Full Stack Developer,software_engineering,8,12,graduate_beginner,intermediate
BCom,Engineering,graduate,0,False,Data Scientist,data_science,5,6,graduate_beginner,beginner
BBA,Engineering,working_professional,2,False,Product Manager,product_management,9,24,working_beginner,intermediate
12th,Engineering,school_student,0,False,Full Stack Developer,software_engineering,18,3,school_explorer,beginner
BBA,Computer Science,college_student,0,False,Marketing Manager,marketing,19,9,college_beginner,beginner
BBA,Computer Science,graduate,0,False,UI UX Designer,design,10,24,graduate_beginner,beginner
BA,Computer Science,graduate,0,True,Product Designer,design,17,24,graduate_beginner,beginner
BSc,Arts,college_student,0,False,Product Designer,design,3,9,college_beginner,beginner
BA,Computer Science,working_professional,5,False,Product Designer,design,15,9,career_advancer,intermediate
BTech,Humanities,working_professional,6,False,Talent Acquisition Specialist,hr_management,14,24,career_advancer,intermediate
BCom,Commerce,working_professional,5,True,HR Executive,hr_management,17,24,career_switcher,intermediate
10th,Science,school_student,0,False,Product Manager,product_management,7,36,school_explorer,beginner
BBA,Arts,college_student,0,True,Talent Acquisition Specialist,hr_management,10,36,college_beginner,beginner
12th,Arts,school_student,0,False,Business Analyst,business_analysis,5,6,school_explorer,foundation
BSc,Engineering,graduate,0,False,Full Stack Developer,software_engineering,6,3,graduate_beginner,beginner
10th,Engineering,school_student,0,False,HR Executive,hr_management,5,3,school_explorer,foundation
BTech,Commerce,college_student,0,False,Data Analyst,data_science,13,24,college_beginner,beginner
BA,Humanities,college_student,1,False,Full Stack Developer,software_engineering,8,12,college_developer,intermediate
12th,Management,school_student,0,True,Talent Acquisition Specialist,hr_management,19,3,school_explorer,beginner
BSc,Science,college_student,0,False,Product Designer,design,6,24,college_beginner,beginner
BBA,Commerce,graduate,0,False,Data Analyst,data_science,12,18,graduate_beginner,beginner
BCom,Science,college_student,0,False,Business Analyst,business_analysis,14,24,college_beginner,beginner
BCom,Engineering,graduate,0,False,HR Executive,hr_management,4,3,graduate_beginner,beginner
BA,Arts,working_professional,8,False,HR Manager,hr_management,5,9,career_advancer,intermediate
12th,Engineering,school_student,0,False,Product Designer,design,13,12,school_explorer,beginner
BCom,Science,working_professional,8,True,Data Scientist,data_science,20,24,career_switcher,intermediate
BTech,Management,college_student,0,False,Data Analyst,data_science,17,12,college_beginner,beginner
BTech,Computer Science,working_professional,3,True,Talent Acquisition Specialist,hr_management,15,12,career_switcher,beginner
BTech,Humanities,graduate,1,True,Talent Acquisition Specialist,hr_management,15,9,graduate_beginner,intermediate
BSc,Commerce,college_student,0,False,Marketing Manager,marketing,6,3,college_beginner,beginner
BBA,Science,graduate,0,False,Machine Learning Engineer,data_science,15,6,graduate_beginner,beginner
BCA,Science,college_student,1,False,Full Stack Developer,software_engineering,18,12,college_developer,intermediate
12th,Computer Science,school_student,0,False,HR Executive,hr_management,5,9,school_explorer,foundation
BCA,Science,college_student,1,False,Product Manager,product_management,9,12,college_developer,intermediate
BBA,Engineering,college_student,0,False,UI UX Designer,design,16,18,college_beginner,beginner
BCom,Management,graduate,1,False,Data Scientist,data_science,7,9,graduate_beginner,intermediate
12th,Arts,school_student,0,False,Data Scientist,data_science,16,6,school_explorer,beginner
BBA,Engineering,college_student,1,False,Product Manager,product_management,11,18,college_developer,intermediate
BCA,Engineering,college_student,0,False,Product Manager,product_management,10,24,college_beginner,beginner
BCom,Humanities,college_student,1,False,HR Manager,hr_management,13,18,college_developer,intermediate
BSc,Humanities,college_student,0,False,HR Executive,hr_management,19,12,college_beginner,beginner
12th,Science,school_student,0,False,Data Analyst,data_science,9,36,school_explorer,beginner
BA,Commerce,graduate,0,True,Marketing Manager,marketing,10,24,graduate_beginner,beginner
BCA,Humanities,working_professional,3,False,Product Manager,product_management,11,9,working_beginner,intermediate
BA,Management,college_student,0,False,Full Stack Developer,software_engineering,6,9,college_beginner,beginner
BBA,Commerce,graduate,0,False,Data Analyst,data_science,3,9,graduate_beginner,beginner
10th,Science,school_student,0,False,UI UX Designer,design,16,3,school_explorer,beginner
BCA,Computer Science,working_professional,3,False,Full Stack Developer,software_engineering,17,36,working_beginner,intermediate
BCom,Science,working_professional,4,True,Product Designer,design,17,9,career_switcher,beginner
BA,Commerce,graduate,0,False,HR Manager,hr_management,13,18,graduate_beginner,beginner
BCA,Science,working_professional,1,False,UI UX Designer,design,16,24,working_beginner,beginner
BCA,Commerce,graduate,0,False,UI UX Designer,design,12,9,graduate_beginner,beginner
10th,Arts,school_student,0,False,Machine Learning Engineer,data_science,5,3,school_explorer,foundation
BA,Management,college_student,0,False,HR Executive,hr_management,14,9,college_beginner,beginner
12th,Science,school_student,0,False,Data Analyst,data_science,20,3,school_explorer,beginner
MBA,Humanities,working_professional,3,True,Software Engineer,software_engineering,5,36,career_switcher,beginner
12th,Commerce,school_student,0,False,Marketing Manager,marketing,10,3,school_explorer,beginner
10th,Arts,school_student,0,False,Machine Learning Engineer,data_science,4,3,school_explorer,foundation
BSc,Commerce,college_student,0,False,Data Scientist,data_science,15,36,college_beginner,beginner
BTech,Arts,graduate,0,True,UI UX Designer,design,16,18,graduate_beginner,beginner
10th,Management,school_student,0,False,Marketing Manager,marketing,18,3,school_explorer,beginner
BCA,Management,graduate,0,False,Data Analyst,data_science,9,6,graduate_beginner,beginner
BCom,Engineering,graduate,1,False,Data Scientist,data_science,19,12,graduate_beginner,intermediate
BCom,Humanities,graduate,0,True,Data Scientist,data_science,11,12,graduate_beginner,beginner
12th,Computer Science,school_student,0,False,Full Stack Developer,software_engineering,19,36,school_explorer,beginner
12th,Arts,school_student,0,False,Product Manager,product_management,6,24,school_explorer,foundation
BSc,Commerce,graduate,1,False,Marketing Manager,marketing,12,9,graduate_beginner,intermediate
BSc,Engineering,college_student,0,False,Marketing Manager,marketing,19,3,college_beginner,beginner
BBA,Humanities,college_student,0,False,Machine Learning Engineer,data_science,15,24,college_beginner,beginner
BCom,Management,college_student,1,False,Software Engineer,software_engineering,12,36,college_developer,intermediate
10th,Arts,school_student,0,True,Business Analyst,business_analysis,3,18,school_explorer,foundation
12th,Science,school_student,0,False,Machine Learning Engineer,data_science,15,24,school_explorer,beginner
12th,Arts,school_student,0,False,Marketing Manager,marketing,9,12,school_explorer,beginner
BTech,Arts,graduate,1,True,HR Manager,hr_management,12,36,graduate_beginner,intermediate
BBA,Science,college_student,1,False,Product Manager,product_management,9,3,college_developer,intermediate
12th,Engineering,school_student,0,True,Talent Acquisition Specialist,hr_management,3,3,school_explorer,foundation
BCom,Computer Science,graduate,0,False,Product Designer,design,18,3,graduate_beginner,beginner
12th,Commerce,school_student,0,True,UI UX Designer,design,15,3,school_explorer,beginner
BTech,Humanities,working_professional,3,True,HR Manager,hr_management,4,24,career_switcher,beginner
BSc,Engineering,graduate,0,False,Marketing Manager,marketing,11,3,graduate_beginner,beginner
MCA,Commerce,working_professional,1,False,UI UX Designer,design,4,36,working_beginner,beginner
MCA,Engineering,working_professional,4,False,Product Designer,design,4,9,working_beginner,intermediate
BTech,Management,graduate,0,False,Software Engineer,software_engineering,8,9,graduate_beginner,beginner
BBA,Engineering,college_student,0,False,Data Analyst,data_science,8,18,college_beginner,beginner
BBA,Science,graduate,1,False,Product Manager,product_management,18,24,graduate_beginner,intermediate
12th,Computer Science,school_student,0,False,Talent Acquisition Specialist,hr_management,13,9,school_explorer,beginner
BTech,Humanities,college_student,0,False,Software Engineer,software_engineering,7,18,college_beginner,beginner
